﻿store_id|rvc_num|rvc_name|emp_num|emp_last_name|emp_first_name|emp_check_name|man_num|man_last_name|man_first_name|man_check_name|open_datetime|close_datetime|trans_datetime|ob_item_corr|ob_item_rtn|art_num|art_name1|art_name2|cnt|ttl|sub_ttl|fact_num|num_dtl|covers|reason_num|reason_name|business_date|trans_seq|dtl_seq|sp_error
﻿1|1|Brasserie|112|Thuong soo|Julien|Julien T|705|Villedieu|Laurent|Laurent |2016-02-04 12:24:26.000|2016-02-04 13:36:02.000|2016-02-04 12:43:27.000|T|F|810006|1/2 Bellugue Blc|Ch La Coste|-1|-19.00|110.50|1841|19|2|4|Clientele Correc|2016-02-04 00:00:00.000|253286|2|0
1|1|Brasserie|705|Villedieu|Laurent|Laurent |705|Villedieu|Laurent|Laurent |2016-02-04 13:05:40.000|2016-02-04 14:21:49.000|2016-02-04 13:22:32.000|T|F|808|---Recl Dess---||-1|0.00|89.00|1845|22|2|||2016-02-04 00:00:00.000|253297|2|0
1|2|Bar|304|Pepitone|PAUL|PAUL P|304|Pepitone|PAUL|PAUL P|2016-02-04 19:09:49.000|2016-02-04 19:30:05.044|2016-02-04 19:10:09.000|T|F|80022|Jus Pomme AM||-1|0.00|13.00|2593|18|2|||2016-02-04 00:00:00.000|253377|3|0
1|2|Bar|304|Pepitone|PAUL|PAUL P|304|Pepitone|PAUL|PAUL P|2016-02-04 19:09:49.000|2016-02-04 19:30:05.044|2016-02-04 19:10:09.000|T|F|80022|Jus Pomme AM||-1|0.00|13.00|2593|19|2|||2016-02-04 00:00:00.000|253377|5|0
1|1|Brasserie|116|Kurnelder|Raphaël|Raphaël |116|Kurnelder|Raphaël|Raphaël |2016-02-04 20:47:12.000|2016-02-04 22:14:31.000|2016-02-04 20:48:44.000|T|F|400000|Beaucastel|1988|-1|-420.00|153.50|1855|22|2|||2016-02-04 00:00:00.000|253413|7|0
1|1|Brasserie|116|Kurnelder|Raphaël|Raphaël |116|Kurnelder|Raphaël|Raphaël |2016-02-04 20:47:12.000|2016-02-04 22:14:31.000|2016-02-04 20:48:44.000|T|F|320006|Beaucastel|2001|-1|-320.00|153.50|1855|23|2|||2016-02-04 00:00:00.000|253413|9|0
1|2|Bar|304|Pepitone|PAUL|PAUL P|304|Pepitone|PAUL|PAUL P|2016-02-04 20:42:48.000|2016-02-04 23:30:05.301|2016-02-04 21:36:23.000|T|F|1510|Badoit Rg 50cl||-1|-6.50|64.00|2601|17|0|4|Clientele Correc|2016-02-04 00:00:00.000|253425|4|0
1|1|Brasserie|1003|Rastellot|Rémy|Rémy R|1003|Rastellot|Rémy|Rémy R|2016-02-04 21:39:16.000|2016-02-04 23:16:10.000|2016-02-04 21:42:42.000|T|F|300000|Cht Simone||-1|-68.00|293.00|1856|18|8|3|Erreur Commande|2016-02-04 00:00:00.000|253430|2|0
1|1|Brasserie|116|Kurnelder|Raphaël|Raphaël |116|Kurnelder|Raphaël|Raphaël |2016-02-04 21:39:16.000|2016-02-04 23:16:10.000|2016-02-04 21:48:30.000|T|F|32006|Formule Enfant||-1|-12.50|293.00|1856|27|8|||2016-02-04 00:00:00.000|253431|7|0
1|1|Brasserie|116|Kurnelder|Raphaël|Raphaël |116|Kurnelder|Raphaël|Raphaël |2016-02-04 21:39:16.000|2016-02-04 23:16:10.000|2016-02-04 21:48:30.000|T|F|32006|Formule Enfant||-1|-12.50|293.00|1856|26|8|||2016-02-04 00:00:00.000|253431|8|0
1|3|RoomService|810|Direction|DUTY NIG|DIRECTIO|810|Direction|DUTY NIG|DIRECTIO|2016-02-05 00:24:31.000|2016-02-05 00:52:17.000|2016-02-05 00:25:16.000|T|F|9000235|V.Simone Blc||-1|-12.00|53.50|3696|19|1|||2016-02-04 00:00:00.000|253462|4|0
