﻿CheckNumber|CheckSequence|TicketDate|TransactionID|DetailSequence|ItemDescription|ItemDescriptionCont|SeatNumber|GuestCount|TicketTotal|Tax|SubTotal|AmountDue|ServerNumber|ServerFirstName|ServerLastName|ServerCheckName|Department|Category
﻿2142|78971|2016-01-01 02:24:14.000|244080|1|Pepsi||1|1|6.00|0.55|22.00|0.00|305|Lola|Grandperrin|Lola G|Boisson NA|Softs
2142|78971|2016-01-01 02:24:14.000|244080|2|Jameson||1|1|12.00|2.00|22.00|0.00|305|Lola|Grandperrin|Lola G|Alcool|Whisky
2142|78971|2016-01-01 02:24:14.000|244080|3|Acc. Pepsi||1|1|3.00|0.27|22.00|0.00|305|Lola|Grandperrin|Lola G|Boisson NA|Softs
2142|78971|2016-01-01 02:24:14.000|244080|4|Pepsi||1|-1|-6.00|-0.55|22.00|0.00|305|Lola|Grandperrin|Lola G|Boisson NA|Softs
2142|78971|2016-01-01 02:24:14.000|244080|5|Jus Abricot AM||1|1|0.00|0.00|22.00|0.00|305|Lola|Grandperrin|Lola G|Boisson NA|Softs
2142|78971|2016-01-01 02:24:14.000|244080|6|Jus Abricot AM||1|1|7.00|0.64|22.00|0.00|305|Lola|Grandperrin|Lola G|Boisson NA|Softs
2142|78971|2016-01-01 02:24:14.000|244080|7|Jus Abricot AM||1|-1|0.00|0.00|22.00|0.00|305|Lola|Grandperrin|Lola G|Boisson NA|Softs
2141|78970|2016-01-01 02:23:21.000|244079|1|Jus Orange AM||1|1|0.00|0.00|14.00|0.00|305|Lola|Grandperrin|Lola G|Boisson NA|Softs
2141|78970|2016-01-01 02:23:21.000|244079|2|Jus Poire AM||1|1|0.00|0.00|14.00|0.00|305|Lola|Grandperrin|Lola G|Boisson NA|Softs
2141|78970|2016-01-01 02:23:21.000|244079|3|Jus Poire AM||1|-1|0.00|0.00|14.00|0.00|305|Lola|Grandperrin|Lola G|Boisson NA|Softs
2141|78970|2016-01-01 02:23:21.000|244079|4|Jus Orange AM||1|-1|0.00|0.00|14.00|0.00|305|Lola|Grandperrin|Lola G|Boisson NA|Softs
2141|78970|2016-01-01 02:23:21.000|244079|5|Jus Poire AM||1|1|7.00|0.64|14.00|0.00|305|Lola|Grandperrin|Lola G|Boisson NA|Softs
2141|78970|2016-01-01 02:23:21.000|244079|6|Jus Orange AM||1|1|7.00|0.64|14.00|0.00|305|Lola|Grandperrin|Lola G|Boisson NA|Softs
2140|78969|2016-01-01 02:22:39.000|244077|1|Jack daniel s||1|1|13.00|2.17|37.00|0.00|305|Lola|Grandperrin|Lola G|Alcool|Whisky
2140|78969|2016-01-01 02:22:39.000|244077|2|Acc. Pepsi||1|1|3.00|0.27|37.00|0.00|305|Lola|Grandperrin|Lola G|Boisson NA|Softs
2140|78969|2016-01-01 02:22:39.000|244077|3|Absolut||1|1|12.00|2.00|37.00|0.00|305|Lola|Grandperrin|Lola G|Alcool|Aperitifs
2140|78969|2016-01-01 02:22:39.000|244077|4|Acc. Pepsi||1|1|3.00|0.27|37.00|0.00|305|Lola|Grandperrin|Lola G|Boisson NA|Softs
2140|78969|2016-01-01 02:22:39.000|244077|5|Pepsi||1|1|6.00|0.55|37.00|0.00|305|Lola|Grandperrin|Lola G|Boisson NA|Softs
2139|78968|2016-01-01 02:21:34.000|244076|1|Jack daniel s||1|1|13.00|2.17|26.00|0.00|305|Lola|Grandperrin|Lola G|Alcool|Whisky
2139|78968|2016-01-01 02:21:34.000|244076|2|Jack daniel s||1|1|13.00|2.17|26.00|0.00|305|Lola|Grandperrin|Lola G|Alcool|Whisky
2138|78967|2016-01-01 02:21:09.000|244075|1|Mojito||1|1|15.00|2.50|15.00|0.00|305|Lola|Grandperrin|Lola G|Alcool|Cocktails Bar
2137|78966|2016-01-01 02:20:50.000|244074|1|Heineken 25cl||1|1|5.00|0.83|10.00|0.00|305|Lola|Grandperrin|Lola G|Alcool|Bieres
2137|78966|2016-01-01 02:20:50.000|244074|2|Heineken 25cl||1|1|5.00|0.83|10.00|0.00|305|Lola|Grandperrin|Lola G|Alcool|Bieres
2135|78964|2016-01-01 02:19:58.000|244072|1|Mojito||1|1|15.00|2.50|0.00|0.00|305|Lola|Grandperrin|Lola G|Alcool|Cocktails Bar
2135|78964|2016-01-01 02:19:58.000|244072|2|Mojito||1|1|15.00|2.50|0.00|0.00|305|Lola|Grandperrin|Lola G|Alcool|Cocktails Bar
2135|78964|2016-01-01 02:19:58.000|244072|3|Mojito||1|-1|-15.00|-2.50|0.00|0.00|305|Lola|Grandperrin|Lola G|Alcool|Cocktails Bar
2135|78964|2016-01-01 02:19:58.000|244072|4|Mojito||1|-1|-15.00|-2.50|0.00|0.00|305|Lola|Grandperrin|Lola G|Alcool|Cocktails Bar
2136|78965|2016-01-01 02:16:55.000|244068|1|Absolut||1|1|12.00|2.00|46.00|0.00|305|Lola|Grandperrin|Lola G|Alcool|Aperitifs
2136|78965|2016-01-01 02:16:55.000|244068|2|Absolut||1|1|12.00|2.00|46.00|0.00|305|Lola|Grandperrin|Lola G|Alcool|Aperitifs
2136|78965|2016-01-01 02:16:55.000|244068|3|Get 27||1|1|13.00|2.17|46.00|0.00|305|Lola|Grandperrin|Lola G|Alcool|Liqueurs
2136|78965|2016-01-01 02:16:55.000|244068|4|V.Terre dorées||1|1|9.00|1.50|46.00|0.00|305|Lola|Grandperrin|Lola G|Alcool|Vins Verre
2135|78964|2016-01-01 02:07:03.000|244060|1|Mojito||1|1|15.00|2.50|0.00|0.00|305|Lola|Grandperrin|Lola G|Alcool|Cocktails Bar
2135|78964|2016-01-01 02:07:03.000|244060|2|Mojito||1|1|15.00|2.50|0.00|0.00|305|Lola|Grandperrin|Lola G|Alcool|Cocktails Bar
1349|78915|2016-01-01 02:06:07.000|244058|1|Cht Gassier||1|1|25.00|4.17|209.00|0.00|1003|Rémy|Rastellot|Rémy R|Alcool|Vins Bouteille
1349|78915|2016-01-01 02:06:07.000|244058|2|Cht Gassier||1|-1|-25.00|-4.17|209.00|0.00|1003|Rémy|Rastellot|Rémy R|Alcool|Vins Bouteille
1349|78915|2016-01-01 02:06:07.000|244058|3|Cht Gassier|Pas Moine|1|1|25.00|4.17|209.00|0.00|1003|Rémy|Rastellot|Rémy R|Alcool|Vins Bouteille
2128|78957|2016-01-01 02:06:04.000|244057|1|Limonade||1|1|6.00|0.55|109.00|0.00|305|Lola|Grandperrin|Lola G|Boisson NA|Softs
2128|78957|2016-01-01 02:06:04.000|244057|2|Limonade||1|1|6.00|0.55|109.00|0.00|305|Lola|Grandperrin|Lola G|Boisson NA|Softs
2128|78957|2016-01-01 02:06:04.000|244057|3|Ice Tea Peche||1|1|6.00|0.55|109.00|0.00|305|Lola|Grandperrin|Lola G|Boisson NA|Softs
2128|78957|2016-01-01 02:06:04.000|244057|4|Ice Tea Peche||1|1|6.00|0.55|109.00|0.00|305|Lola|Grandperrin|Lola G|Boisson NA|Softs
2134|78963|2016-01-01 02:05:44.000|244056|1|Schweppes ||1|1|6.00|0.55|6.00|0.00|305|Lola|Grandperrin|Lola G|Boisson NA|Softs
2133|78962|2016-01-01 01:35:23.000|244045|1|Absolut||1|1|12.00|2.00|37.00|0.00|305|Lola|Grandperrin|Lola G|Alcool|Aperitifs
2133|78962|2016-01-01 01:35:23.000|244045|2|Absolut||1|1|12.00|2.00|37.00|0.00|305|Lola|Grandperrin|Lola G|Alcool|Aperitifs
2133|78962|2016-01-01 01:35:23.000|244045|3|Get 27||1|1|13.00|2.17|37.00|0.00|305|Lola|Grandperrin|Lola G|Alcool|Liqueurs
2132|78961|2016-01-01 01:33:49.000|244044|1|Pepsi||1|1|6.00|0.55|13.00|0.00|305|Lola|Grandperrin|Lola G|Boisson NA|Softs
2132|78961|2016-01-01 01:33:49.000|244044|2|Jus Pomme AM||1|1|0.00|0.00|13.00|0.00|305|Lola|Grandperrin|Lola G|Boisson NA|Softs
2132|78961|2016-01-01 01:33:49.000|244044|3|Jus Pomme AM||1|1|7.00|0.64|13.00|0.00|305|Lola|Grandperrin|Lola G|Boisson NA|Softs
2132|78961|2016-01-01 01:33:49.000|244044|4|Jus Pomme AM||1|-1|0.00|0.00|13.00|0.00|305|Lola|Grandperrin|Lola G|Boisson NA|Softs
2131|78960|2016-01-01 01:30:38.000|244043|1|Pepsi Max||1|1|6.00|0.55|12.00|0.00|305|Lola|Grandperrin|Lola G|Boisson NA|Softs
2131|78960|2016-01-01 01:30:38.000|244043|2|Pepsi Max||1|1|6.00|0.55|12.00|0.00|305|Lola|Grandperrin|Lola G|Boisson NA|Softs
2130|78959|2016-01-01 01:20:48.000|244040|1|Hendrick's||1|1|15.00|2.50|36.00|0.00|305|Lola|Grandperrin|Lola G|Alcool|Aperitifs
2130|78959|2016-01-01 01:20:48.000|244040|2|Hendrick's||1|1|15.00|2.50|36.00|0.00|305|Lola|Grandperrin|Lola G|Alcool|Aperitifs
2130|78959|2016-01-01 01:20:48.000|244040|3|Acc. Tonic||1|1|3.00|0.27|36.00|0.00|305|Lola|Grandperrin|Lola G|Boisson NA|Softs
2130|78959|2016-01-01 01:20:48.000|244040|4|Acc. Tonic||1|1|3.00|0.27|36.00|0.00|305|Lola|Grandperrin|Lola G|Boisson NA|Softs
2129|78958|2016-01-01 01:13:34.000|244038|1|Beefeater||1|1|13.00|2.17|29.00|0.00|305|Lola|Grandperrin|Lola G|Alcool|Aperitifs
2129|78958|2016-01-01 01:13:34.000|244038|2|Acc. Tonic||1|1|3.00|0.27|29.00|0.00|305|Lola|Grandperrin|Lola G|Boisson NA|Softs
2129|78958|2016-01-01 01:13:34.000|244038|3|Pepsi||1|1|6.00|0.55|29.00|0.00|305|Lola|Grandperrin|Lola G|Boisson NA|Softs
2129|78958|2016-01-01 01:13:34.000|244038|4|V.Pas du moine||1|1|7.00|1.17|29.00|0.00|305|Lola|Grandperrin|Lola G|Alcool|Vins Verre
1354|78926|2016-01-01 01:12:35.000|244037|1|Cht Simone||1|1|68.00|11.33|483.00|0.00|711|Matthias|matthias|Matthias|Alcool|Vins Bouteille
2128|78957|2016-01-01 01:10:43.000|244036|1|Piper Heidseick||1|1|85.00|14.17|109.00|0.00|305|Lola|Grandperrin|Lola G|Alcool|Champagne
2127|78956|2016-01-01 01:08:48.000|244033|1|Get 27||1|1|13.00|2.17|13.00|0.00|305|Lola|Grandperrin|Lola G|Alcool|Liqueurs
1366|78955|2016-01-01 01:07:15.000|244027|1|a.MENU ||1|1|92.00|8.36|736.00|0.00|710|Laurent|MDH L|Laurent |Nourriture |Menus Fetes
1366|78955|2016-01-01 01:07:15.000|244027|2|a.MENU ||2|1|92.00|8.36|736.00|0.00|710|Laurent|MDH L|Laurent |Nourriture |Menus Fetes
1366|78955|2016-01-01 01:07:15.000|244027|3|a.MENU ||3|1|92.00|8.36|736.00|0.00|710|Laurent|MDH L|Laurent |Nourriture |Menus Fetes
1366|78955|2016-01-01 01:07:15.000|244027|4|a.MENU ||4|1|92.00|8.36|736.00|0.00|710|Laurent|MDH L|Laurent |Nourriture |Menus Fetes
1366|78955|2016-01-01 01:07:15.000|244027|5|a.MENU ||5|1|92.00|8.36|736.00|0.00|710|Laurent|MDH L|Laurent |Nourriture |Menus Fetes
1366|78955|2016-01-01 01:07:15.000|244027|6|a.MENU ||6|1|92.00|8.36|736.00|0.00|710|Laurent|MDH L|Laurent |Nourriture |Menus Fetes
1366|78955|2016-01-01 01:07:15.000|244027|7|a.MENU ||7|1|92.00|8.36|736.00|0.00|710|Laurent|MDH L|Laurent |Nourriture |Menus Fetes
1366|78955|2016-01-01 01:07:15.000|244027|8|a.MENU ||8|1|92.00|8.36|736.00|0.00|710|Laurent|MDH L|Laurent |Nourriture |Menus Fetes
2126|78954|2016-01-01 01:02:04.000|244024|1|Jack daniel s||1|1|13.00|2.17|29.00|0.00|305|Lola|Grandperrin|Lola G|Alcool|Whisky
2126|78954|2016-01-01 01:02:04.000|244024|2|Jack daniel s||1|1|13.00|2.17|29.00|0.00|305|Lola|Grandperrin|Lola G|Alcool|Whisky
2126|78954|2016-01-01 01:02:04.000|244024|3|Acc. Sirop||1|1|1.00|0.09|29.00|0.00|305|Lola|Grandperrin|Lola G|Boisson NA|Softs
2126|78954|2016-01-01 01:02:04.000|244024|4|Acc. Pepsi||1|1|3.00|0.27|29.00|0.00|305|Lola|Grandperrin|Lola G|Boisson NA|Softs
2126|78954|2016-01-01 01:02:04.000|244024|5|Jack daniel s||1|-1|-13.00|-2.17|29.00|0.00|305|Lola|Grandperrin|Lola G|Alcool|Whisky
2126|78954|2016-01-01 01:02:04.000|244024|6|Acc. Sirop||1|-1|-1.00|-0.09|29.00|0.00|305|Lola|Grandperrin|Lola G|Boisson NA|Softs
2126|78954|2016-01-01 01:02:04.000|244024|7|Acc. Pepsi||1|-1|-3.00|-0.27|29.00|0.00|305|Lola|Grandperrin|Lola G|Boisson NA|Softs
2126|78954|2016-01-01 01:02:04.000|244024|8|Jack daniel s||1|1|13.00|2.17|29.00|0.00|305|Lola|Grandperrin|Lola G|Alcool|Whisky
2126|78954|2016-01-01 01:02:04.000|244024|9|Acc. Pepsi||1|1|3.00|0.27|29.00|0.00|305|Lola|Grandperrin|Lola G|Boisson NA|Softs
2125|78953|2016-01-01 01:00:12.000|244023|1|Jagermeister||1|1|12.00|2.00|12.00|0.00|305|Lola|Grandperrin|Lola G|Alcool|Liqueurs
2124|78952|2016-01-01 00:55:01.000|244021|1|Absolut||1|1|12.00|2.00|37.00|0.00|305|Lola|Grandperrin|Lola G|Alcool|Aperitifs
2124|78952|2016-01-01 00:54:14.000|244020|1|Absolut||1|1|12.00|2.00|37.00|0.00|305|Lola|Grandperrin|Lola G|Alcool|Aperitifs
2124|78952|2016-01-01 00:54:14.000|244020|2|Get 27||1|1|13.00|2.17|37.00|0.00|305|Lola|Grandperrin|Lola G|Alcool|Liqueurs
1356|78928|2016-01-01 00:53:37.000|244019|1|||1|1|15.50|0.00|434.50|0.00|1003|Rémy|Rastellot|Rémy R||
2123|78951|2016-01-01 00:46:57.000|244012|1|Coupe du moment|Blanc|1|1|18.00|3.00|36.00|0.00|305|Lola|Grandperrin|Lola G|Alcool|Coupes Champagne
2123|78951|2016-01-01 00:46:57.000|244012|2|Coupe du moment|Blanc|1|1|18.00|3.00|36.00|0.00|305|Lola|Grandperrin|Lola G|Alcool|Coupes Champagne
2122|78950|2016-01-01 00:45:57.000|244010|1|Coupe du moment|Blanc|1|1|18.00|3.00|54.00|0.00|305|Lola|Grandperrin|Lola G|Alcool|Coupes Champagne
2122|78950|2016-01-01 00:45:57.000|244010|2|Coupe du moment|Blanc|1|1|18.00|3.00|54.00|0.00|305|Lola|Grandperrin|Lola G|Alcool|Coupes Champagne
2122|78950|2016-01-01 00:45:57.000|244010|3|Coupe du moment|Blanc|1|1|18.00|3.00|54.00|0.00|305|Lola|Grandperrin|Lola G|Alcool|Coupes Champagne
1348|78914|2016-01-01 00:45:37.000|244008|1|Aix-presso||1|1|3.00|0.27|293.00|0.00|710|Laurent|MDH L|Laurent |Cafeterie|Cafeterie
1348|78914|2016-01-01 00:45:37.000|244008|2|Aix-presso||1|1|3.00|0.27|293.00|0.00|710|Laurent|MDH L|Laurent |Cafeterie|Cafeterie
1348|78914|2016-01-01 00:45:37.000|244008|3|Aix-presso||1|1|3.00|0.27|293.00|0.00|710|Laurent|MDH L|Laurent |Cafeterie|Cafeterie
1348|78914|2016-01-01 00:45:37.000|244008|4|Aix-presso||1|1|3.00|0.27|293.00|0.00|710|Laurent|MDH L|Laurent |Cafeterie|Cafeterie
1348|78914|2016-01-01 00:45:37.000|244008|5|The||1|1|5.00|0.45|293.00|0.00|710|Laurent|MDH L|Laurent |Cafeterie|Cafeterie
1348|78914|2016-01-01 00:45:37.000|244008|6|Selection||1|1|0.00|0.00|293.00|0.00|710|Laurent|MDH L|Laurent |Nourriture |Messages
1348|78914|2016-01-01 00:45:37.000|244008|7|Nature||1|1|0.00|0.00|293.00|0.00|710|Laurent|MDH L|Laurent |Boisson NA|Messages
2116|78944|2016-01-01 00:43:49.000|244004|1|||1|1|10.00|0.00|90.00|0.00|305|Lola|Grandperrin|Lola G||
2115|78943|2016-01-01 00:42:49.000|244002|1|||1|1|2.00|0.00|30.00|0.00|305|Lola|Grandperrin|Lola G||
2119|78947|2016-01-01 00:42:25.000|244001|1|Mi-cuit choco||1|1|12.00|1.09|30.00|0.00|305|Lola|Grandperrin|Lola G|Nourriture |Desserts
2119|78947|2016-01-01 00:42:25.000|244001|2|Mi-cuit choco||1|-1|-12.00|-1.09|30.00|0.00|305|Lola|Grandperrin|Lola G|Nourriture |Desserts
2119|78947|2016-01-01 00:42:25.000|244001|3|Absolut||1|1|12.00|2.00|30.00|0.00|305|Lola|Grandperrin|Lola G|Alcool|Aperitifs
2119|78947|2016-01-01 00:42:25.000|244001|4|Absolut||1|1|12.00|2.00|30.00|0.00|305|Lola|Grandperrin|Lola G|Alcool|Aperitifs
2119|78947|2016-01-01 00:42:25.000|244001|5|Acc. Redbull||1|1|3.00|0.27|30.00|0.00|305|Lola|Grandperrin|Lola G|Boisson NA|Softs
2119|78947|2016-01-01 00:42:25.000|244001|6|Acc. Redbull||1|1|3.00|0.27|30.00|0.00|305|Lola|Grandperrin|Lola G|Boisson NA|Softs
1365|78939|2016-01-01 00:38:45.000|243998|1|a.MENU ||2|1|92.00|8.36|191.00|0.00|711|Matthias|matthias|Matthias|Nourriture |Menus Fetes
1365|78939|2016-01-01 00:38:45.000|243998|2|a.MENU ||2|-1|-92.00|-8.36|191.00|0.00|711|Matthias|matthias|Matthias|Nourriture |Menus Fetes
2121|78949|2016-01-01 00:35:40.000|243996|1|||1|1|5.00|0.00|15.00|0.00|305|Lola|Grandperrin|Lola G||
2121|78949|2016-01-01 00:31:13.000|243992|1|Absolut||1|1|12.00|2.00|15.00|0.00|305|Lola|Grandperrin|Lola G|Alcool|Aperitifs
2121|78949|2016-01-01 00:31:13.000|243992|2|Acc. Tonic||1|1|3.00|0.27|15.00|0.00|305|Lola|Grandperrin|Lola G|Boisson NA|Softs
2120|78948|2016-01-01 00:26:41.000|243990|1|Mojito||1|1|15.00|2.50|30.00|0.00|305|Lola|Grandperrin|Lola G|Alcool|Cocktails Bar
2120|78948|2016-01-01 00:26:41.000|243990|2|Mojito||1|1|15.00|2.50|30.00|0.00|305|Lola|Grandperrin|Lola G|Alcool|Cocktails Bar
2119|78947|2016-01-01 00:09:38.000|243983|1|Mi-cuit choco||1|1|12.00|1.09|30.00|0.00|305|Lola|Grandperrin|Lola G|Nourriture |Desserts
2118|78946|2015-12-31 23:56:31.000|243964|1|Absolut||1|1|12.00|2.00|12.00|0.00|305|Lola|Grandperrin|Lola G|Alcool|Aperitifs
1344|78909|2015-12-31 23:56:24.000|243963|1|||1|1|10.00|0.00|238.00|0.00|710|Laurent|MDH L|Laurent ||
2117|78945|2015-12-31 23:51:52.000|243957|1|Mojito||1|1|15.00|2.50|30.00|0.00|305|Lola|Grandperrin|Lola G|Alcool|Cocktails Bar
2117|78945|2015-12-31 23:51:52.000|243957|2|Mojito||1|1|15.00|2.50|30.00|0.00|305|Lola|Grandperrin|Lola G|Alcool|Cocktails Bar
2116|78944|2015-12-31 23:51:28.000|243956|1|Deutz Classique|Magnum|1|1|165.00|27.50|90.00|0.00|305|Lola|Grandperrin|Lola G|Alcool|Champagne
2116|78944|2015-12-31 23:51:28.000|243956|2|Deutz |Classique|1|1|90.00|15.00|90.00|0.00|305|Lola|Grandperrin|Lola G|Alcool|Champagne
2116|78944|2015-12-31 23:51:28.000|243956|3|Deutz Classique|Magnum|1|-1|-165.00|-27.50|90.00|0.00|305|Lola|Grandperrin|Lola G|Alcool|Champagne
2115|78943|2015-12-31 23:51:04.000|243955|1|Mojito||1|1|15.00|2.50|30.00|0.00|305|Lola|Grandperrin|Lola G|Alcool|Cocktails Bar
2115|78943|2015-12-31 23:51:04.000|243955|2|Mojito||1|1|15.00|2.50|30.00|0.00|305|Lola|Grandperrin|Lola G|Alcool|Cocktails Bar
3351|78942|2015-12-31 23:50:21.000|243953|1|Burger Comptoir||1|2|50.00|4.55|50.00|0.00|412|MINIBAR|Room Service|Room Ser|Nourriture |Autres Plats
3351|78942|2015-12-31 23:50:21.000|243953|2|Saignant||1|1|0.00|0.00|50.00|0.00|412|MINIBAR|Room Service|Room Ser|Nourriture |Messages
3351|78942|2015-12-31 23:50:21.000|243953|3|Saignant||1|1|0.00|0.00|50.00|0.00|412|MINIBAR|Room Service|Room Ser|Nourriture |Messages
2114|78941|2015-12-31 23:45:37.000|243949|1|Singapore Sling||1|1|15.00|2.50|30.00|0.00|305|Lola|Grandperrin|Lola G|Alcool|Cocktails Bar
2114|78941|2015-12-31 23:45:37.000|243949|2|Sex on the grass||1|1|15.00|2.50|30.00|0.00|305|Lola|Grandperrin|Lola G|Alcool|Cocktails Bar
1340|78904|2015-12-31 23:45:29.000|243948|1|Deutz|1/2 Bout|1|1|45.00|7.50|465.50|0.00|711|Matthias|matthias|Matthias|Alcool|Champagne
2113|78940|2015-12-31 23:45:16.000|243947|1|||1|1|3.00|0.00|23.00|0.00|305|Lola|Grandperrin|Lola G||
1336|78899|2015-12-31 23:35:29.000|243943|1|Aix-presso||1|1|3.00|0.27|212.00|0.00|710|Laurent|MDH L|Laurent |Cafeterie|Cafeterie
2113|78940|2015-12-31 23:34:59.000|243942|1|Heineken 50cl||1|1|8.00|1.33|23.00|0.00|305|Lola|Grandperrin|Lola G|Alcool|Bieres
2113|78940|2015-12-31 23:34:59.000|243942|2|Maker s mark||1|1|15.00|2.50|23.00|0.00|305|Lola|Grandperrin|Lola G|Alcool|Whisky
1351|78917|2015-12-31 23:29:54.000|243941|1|Evian 75cl||1|1|7.00|0.64|302.00|0.00|1003|Rémy|Rastellot|Rémy R|Boisson NA|Eaux Minerales
1344|78909|2015-12-31 23:29:18.000|243940|1|Aix-presso||1|1|3.00|0.27|238.00|0.00|710|Laurent|MDH L|Laurent |Cafeterie|Cafeterie
1344|78909|2015-12-31 23:29:18.000|243940|2|Aix-presso||1|1|3.00|0.27|238.00|0.00|710|Laurent|MDH L|Laurent |Cafeterie|Cafeterie
1365|78939|2015-12-31 23:26:02.000|243939|1|a.MENU ||1|1|92.00|8.36|191.00|0.00|711|Matthias|matthias|Matthias|Nourriture |Menus Fetes
1365|78939|2015-12-31 23:26:02.000|243939|2|a.MENU ||2|1|92.00|8.36|191.00|0.00|711|Matthias|matthias|Matthias|Nourriture |Menus Fetes
1365|78939|2015-12-31 23:26:02.000|243939|3|a.MENU ||3|1|92.00|8.36|191.00|0.00|711|Matthias|matthias|Matthias|Nourriture |Menus Fetes
1365|78939|2015-12-31 23:26:02.000|243939|4|Evian 75cl||3|1|7.00|0.64|191.00|0.00|711|Matthias|matthias|Matthias|Boisson NA|Eaux Minerales
1364|78938|2015-12-31 23:25:42.000|243938|1|Formule Enfant||1|1|12.50|1.14|254.00|0.00|711|Matthias|matthias|Matthias|Nourriture |Menus Jour
1364|78938|2015-12-31 23:25:42.000|243938|2|Formule Enfant||2|1|12.50|1.14|254.00|0.00|711|Matthias|matthias|Matthias|Nourriture |Menus Jour
1364|78938|2015-12-31 23:25:42.000|243938|3|Poisson jour||1|1|0.00|0.00|254.00|0.00|711|Matthias|matthias|Matthias|Nourriture |Poissons
1364|78938|2015-12-31 23:25:42.000|243938|4|Frites||1|1|0.00|0.00|254.00|0.00|711|Matthias|matthias|Matthias|Nourriture |Messages
1364|78938|2015-12-31 23:25:42.000|243938|5|Poisson jour||2|1|0.00|0.00|254.00|0.00|711|Matthias|matthias|Matthias|Nourriture |Poissons
1364|78938|2015-12-31 23:25:42.000|243938|6|Frites||2|1|0.00|0.00|254.00|0.00|711|Matthias|matthias|Matthias|Nourriture |Messages
1364|78938|2015-12-31 23:25:42.000|243938|7|a.MENU ||3|1|92.00|8.36|254.00|0.00|711|Matthias|matthias|Matthias|Nourriture |Menus Fetes
1364|78938|2015-12-31 23:25:42.000|243938|8|a.MENU ||4|1|92.00|8.36|254.00|0.00|711|Matthias|matthias|Matthias|Nourriture |Menus Fetes
1364|78938|2015-12-31 23:25:42.000|243938|9|Fam Perrin|Gille|3|1|45.00|7.50|254.00|0.00|711|Matthias|matthias|Matthias|Alcool|Vins Bouteille
1348|78914|2015-12-31 23:23:13.000|243937|1|Dom Vacheron||1|1|48.00|8.00|293.00|0.00|710|Laurent|MDH L|Laurent |Alcool|Vins Bouteille
1348|78914|2015-12-31 23:23:13.000|243937|2|Deutz |Classique|1|1|90.00|15.00|293.00|0.00|710|Laurent|MDH L|Laurent |Alcool|Champagne
1337|78901|2015-12-31 23:08:33.000|243930|1|Noisette||1|1|4.00|0.36|248.00|0.00|711|Matthias|matthias|Matthias|Cafeterie|Cafeterie
1340|78904|2015-12-31 22:59:25.000|243927|1|Limonade||1|1|6.00|0.55|465.50|0.00|711|Matthias|matthias|Matthias|Boisson NA|Softs
1330|78891|2015-12-31 22:57:26.000|243926|1|Badoit Rg 75cl||1|1|7.50|0.68|219.50|0.00|117|Cyril|Bernard|Cyril B|Boisson NA|Eaux Minerales
1363|78937|2015-12-31 22:56:05.000|243923|1|Sex on the grass||7|1|15.00|2.50|643.00|0.00|711|Matthias|matthias|Matthias|Alcool|Cocktails Bar
1363|78937|2015-12-31 22:55:51.000|243921|1|a.MENU ||1|1|92.00|8.36|643.00|0.00|711|Matthias|matthias|Matthias|Nourriture |Menus Fetes
1363|78937|2015-12-31 22:55:51.000|243921|2|a.MENU ||2|1|92.00|8.36|643.00|0.00|711|Matthias|matthias|Matthias|Nourriture |Menus Fetes
1363|78937|2015-12-31 22:55:51.000|243921|3|a.MENU ||3|1|92.00|8.36|643.00|0.00|711|Matthias|matthias|Matthias|Nourriture |Menus Fetes
1363|78937|2015-12-31 22:55:51.000|243921|4|a.MENU ||4|1|92.00|8.36|643.00|0.00|711|Matthias|matthias|Matthias|Nourriture |Menus Fetes
1363|78937|2015-12-31 22:55:51.000|243921|5|a.MENU ||5|1|92.00|8.36|643.00|0.00|711|Matthias|matthias|Matthias|Nourriture |Menus Fetes
1363|78937|2015-12-31 22:55:51.000|243921|6|a.MENU ||6|1|92.00|8.36|643.00|0.00|711|Matthias|matthias|Matthias|Nourriture |Menus Fetes
1363|78937|2015-12-31 22:55:51.000|243921|7|Dom Paternel|Blc de blc|1|1|40.00|6.67|643.00|0.00|711|Matthias|matthias|Matthias|Alcool|Vins Bouteille
1363|78937|2015-12-31 22:55:51.000|243921|8|Cht Ht Surget||1|1|36.00|6.00|643.00|0.00|711|Matthias|matthias|Matthias|Alcool|Vins Bouteille
1348|78914|2015-12-31 22:54:58.000|243919|1|Dom Vacheron||1|1|48.00|8.00|293.00|0.00|710|Laurent|MDH L|Laurent |Alcool|Vins Bouteille
1348|78914|2015-12-31 22:54:58.000|243919|2|Deutz |Classique|1|1|90.00|15.00|293.00|0.00|710|Laurent|MDH L|Laurent |Alcool|Champagne
3350|78936|2015-12-31 22:50:54.000|243917|1|Burger Comptoir||1|3|75.00|6.82|75.00|0.00|705|Laurent|Villedieu|Laurent |Nourriture |Autres Plats
3350|78936|2015-12-31 22:50:54.000|243917|2|Saignant||1|3|0.00|0.00|75.00|0.00|705|Laurent|Villedieu|Laurent |Nourriture |Messages
1356|78928|2015-12-31 22:46:33.000|243914|1|Red Spicy||5|1|12.00|1.09|434.50|0.00|1003|Rémy|Rastellot|Rémy R|Boisson NA|Aperitifs
1356|78928|2015-12-31 22:46:33.000|243914|2|V.Terre dorées||5|1|9.00|1.50|434.50|0.00|1003|Rémy|Rastellot|Rémy R|Alcool|Vins Verre
3349|78934|2015-12-31 22:45:39.000|243912|1|Pepsi Max||1|1|8.00|0.73|22.00|0.00|705|Laurent|Villedieu|Laurent |Boisson NA|Softs
3349|78934|2015-12-31 22:45:39.000|243912|2|Pepsi Max||1|1|8.00|0.73|22.00|0.00|705|Laurent|Villedieu|Laurent |Boisson NA|Softs
3349|78934|2015-12-31 22:45:39.000|243912|3|Frites||1|1|6.00|0.55|22.00|0.00|705|Laurent|Villedieu|Laurent |Nourriture |Messages
1329|78889|2015-12-31 22:38:32.000|243909|1|Aix-presso||1|1|3.00|0.27|235.00|0.00|117|Cyril|Bernard|Cyril B|Cafeterie|Cafeterie
1329|78889|2015-12-31 22:38:32.000|243909|2|Aix-presso||1|1|3.00|0.27|235.00|0.00|117|Cyril|Bernard|Cyril B|Cafeterie|Cafeterie
1360|78932|2015-12-31 22:38:25.000|243908|1|a.MENU ||1|1|92.00|8.36|209.00|0.00|1003|Rémy|Rastellot|Rémy R|Nourriture |Menus Fetes
1360|78932|2015-12-31 22:38:25.000|243908|2|a.MENU ||2|1|92.00|8.36|209.00|0.00|1003|Rémy|Rastellot|Rémy R|Nourriture |Menus Fetes
1360|78932|2015-12-31 22:38:25.000|243908|3|Cht Revelette|Cht|1|1|25.00|4.17|209.00|0.00|1003|Rémy|Rastellot|Rémy R|Alcool|Vins Bouteille
1359|78931|2015-12-31 22:35:39.000|243907|1|a.MENU ||1|1|92.00|8.36|594.00|0.00|1003|Rémy|Rastellot|Rémy R|Nourriture |Menus Fetes
1359|78931|2015-12-31 22:35:39.000|243907|2|a.MENU ||2|1|92.00|8.36|594.00|0.00|1003|Rémy|Rastellot|Rémy R|Nourriture |Menus Fetes
1359|78931|2015-12-31 22:35:39.000|243907|3|a.MENU ||3|1|92.00|8.36|594.00|0.00|1003|Rémy|Rastellot|Rémy R|Nourriture |Menus Fetes
1359|78931|2015-12-31 22:35:39.000|243907|4|a.MENU ||4|1|92.00|8.36|594.00|0.00|1003|Rémy|Rastellot|Rémy R|Nourriture |Menus Fetes
1359|78931|2015-12-31 22:35:39.000|243907|5|a.MENU ||5|1|92.00|8.36|594.00|0.00|1003|Rémy|Rastellot|Rémy R|Nourriture |Menus Fetes
1359|78931|2015-12-31 22:35:39.000|243907|6|a.MENU ||6|1|92.00|8.36|594.00|0.00|1003|Rémy|Rastellot|Rémy R|Nourriture |Menus Fetes
1359|78931|2015-12-31 22:35:39.000|243907|7|Dom Vacheron||1|1|42.00|7.00|594.00|0.00|1003|Rémy|Rastellot|Rémy R|Alcool|Vins Bouteille
1358|78930|2015-12-31 22:27:10.000|243904|1|a.MENU ||1|1|92.00|8.36|193.00|0.00|1003|Rémy|Rastellot|Rémy R|Nourriture |Menus Fetes
1358|78930|2015-12-31 22:27:10.000|243904|2|a.MENU ||2|1|92.00|8.36|193.00|0.00|1003|Rémy|Rastellot|Rémy R|Nourriture |Menus Fetes
1358|78930|2015-12-31 22:27:10.000|243904|3|Chateldon||1|1|9.00|0.82|193.00|0.00|1003|Rémy|Rastellot|Rémy R|Boisson NA|Eaux Minerales
1356|78928|2015-12-31 22:22:23.000|243901|1|Evian 75cl||1|1|7.00|0.64|434.50|0.00|1003|Rémy|Rastellot|Rémy R|Boisson NA|Eaux Minerales
1357|78929|2015-12-31 22:22:12.000|243900|1|a.MENU ||1|1|92.00|8.36|276.00|0.00|1003|Rémy|Rastellot|Rémy R|Nourriture |Menus Fetes
1357|78929|2015-12-31 22:22:12.000|243900|2|a.MENU ||2|1|92.00|8.36|276.00|0.00|1003|Rémy|Rastellot|Rémy R|Nourriture |Menus Fetes
1357|78929|2015-12-31 22:22:12.000|243900|3|a.MENU ||3|1|92.00|8.36|276.00|0.00|1003|Rémy|Rastellot|Rémy R|Nourriture |Menus Fetes
1356|78928|2015-12-31 22:18:07.000|243898|1|V.Simone Blc||1|1|12.00|2.00|434.50|0.00|1003|Rémy|Rastellot|Rémy R|Alcool|Vins Verre
1356|78928|2015-12-31 22:18:07.000|243898|2|V.Simone Blc||1|1|12.00|2.00|434.50|0.00|1003|Rémy|Rastellot|Rémy R|Alcool|Vins Verre
1356|78928|2015-12-31 22:18:07.000|243898|3|Evian 75cl||1|1|7.00|0.64|434.50|0.00|1003|Rémy|Rastellot|Rémy R|Boisson NA|Eaux Minerales
1356|78928|2015-12-31 22:18:07.000|243898|4|Badoit Verte||1|1|7.50|0.68|434.50|0.00|1003|Rémy|Rastellot|Rémy R|Boisson NA|Eaux Minerales
1355|78927|2015-12-31 22:15:48.000|243896|1|Cht Simone||1|1|68.00|11.33|502.50|0.00|117|Cyril|Bernard|Cyril B|Alcool|Vins Bouteille
1355|78927|2015-12-31 22:15:48.000|243896|2|Badoit Verte||1|1|7.50|0.68|502.50|0.00|117|Cyril|Bernard|Cyril B|Boisson NA|Eaux Minerales
1355|78927|2015-12-31 22:15:27.000|243895|1|Coupe du moment|Blanc|5|1|18.00|3.00|502.50|0.00|117|Cyril|Bernard|Cyril B|Alcool|Coupes Champagne
1355|78927|2015-12-31 22:15:27.000|243895|2|Coupe du moment|Blanc|5|1|18.00|3.00|502.50|0.00|117|Cyril|Bernard|Cyril B|Alcool|Coupes Champagne
1355|78927|2015-12-31 22:15:27.000|243895|3|Coupe du moment|Blanc|5|1|18.00|3.00|502.50|0.00|117|Cyril|Bernard|Cyril B|Alcool|Coupes Champagne
1355|78927|2015-12-31 22:15:27.000|243895|4|Pastis 51||5|1|5.00|0.83|502.50|0.00|117|Cyril|Bernard|Cyril B|Alcool|Coupes Champagne
1356|78928|2015-12-31 22:15:18.000|243893|1|a.MENU ||1|1|92.00|8.36|434.50|0.00|1003|Rémy|Rastellot|Rémy R|Nourriture |Menus Fetes
1356|78928|2015-12-31 22:15:18.000|243893|2|a.MENU ||2|1|92.00|8.36|434.50|0.00|1003|Rémy|Rastellot|Rémy R|Nourriture |Menus Fetes
1356|78928|2015-12-31 22:15:18.000|243893|3|a.MENU ||3|1|92.00|8.36|434.50|0.00|1003|Rémy|Rastellot|Rémy R|Nourriture |Menus Fetes
1356|78928|2015-12-31 22:15:18.000|243893|4|a.MENU ||4|1|92.00|8.36|434.50|0.00|1003|Rémy|Rastellot|Rémy R|Nourriture |Menus Fetes
1355|78927|2015-12-31 22:15:10.000|243892|1|a.MENU ||1|1|92.00|8.36|502.50|0.00|117|Cyril|Bernard|Cyril B|Nourriture |Menus Fetes
1355|78927|2015-12-31 22:15:10.000|243892|2|a.MENU ||2|1|92.00|8.36|502.50|0.00|117|Cyril|Bernard|Cyril B|Nourriture |Menus Fetes
1355|78927|2015-12-31 22:15:10.000|243892|3|a.MENU ||3|1|92.00|8.36|502.50|0.00|117|Cyril|Bernard|Cyril B|Nourriture |Menus Fetes
1355|78927|2015-12-31 22:15:10.000|243892|4|a.MENU ||4|1|92.00|8.36|502.50|0.00|117|Cyril|Bernard|Cyril B|Nourriture |Menus Fetes
1334|78897|2015-12-31 22:12:54.000|243891|1|Evian 75cl||1|1|7.00|0.64|437.50|0.00|710|Laurent|MDH L|Laurent |Boisson NA|Eaux Minerales
1354|78926|2015-12-31 22:08:58.000|243890|1|a.MENU ||1|1|92.00|8.36|483.00|0.00|711|Matthias|matthias|Matthias|Nourriture |Menus Fetes
1354|78926|2015-12-31 22:08:58.000|243890|2|a.MENU ||2|1|92.00|8.36|483.00|0.00|711|Matthias|matthias|Matthias|Nourriture |Menus Fetes
1354|78926|2015-12-31 22:08:58.000|243890|3|a.MENU ||3|1|92.00|8.36|483.00|0.00|711|Matthias|matthias|Matthias|Nourriture |Menus Fetes
1354|78926|2015-12-31 22:08:58.000|243890|4|a.MENU ||4|1|92.00|8.36|483.00|0.00|711|Matthias|matthias|Matthias|Nourriture |Menus Fetes
1354|78926|2015-12-31 22:08:58.000|243890|5|Dom Paternel|Blc de blc|1|1|40.00|6.67|483.00|0.00|711|Matthias|matthias|Matthias|Alcool|Vins Bouteille
1354|78926|2015-12-31 22:08:58.000|243890|6|Evian 75cl||1|1|7.00|0.64|483.00|0.00|711|Matthias|matthias|Matthias|Boisson NA|Eaux Minerales
6041|78925|2015-12-31 22:03:47.000|243888|1|Americano||1|1|3.50|0.32|7.60|0.00|305|Lola|Grandperrin|Lola G|Cafeterie|Cafeterie
6041|78925|2015-12-31 22:03:47.000|243888|2|Cappucino||1|1|4.10|0.37|7.60|0.00|305|Lola|Grandperrin|Lola G|Cafeterie|Cafeterie
1353|78922|2015-12-31 22:03:18.000|243887|1|Cht Revelette|Cht|1|1|25.00|4.17|209.00|0.00|1003|Rémy|Rastellot|Rémy R|Alcool|Vins Bouteille
3348|78924|2015-12-31 22:02:59.000|243886|1|Cesar Poulet||1|1|20.00|1.82|62.50|0.00|705|Laurent|Villedieu|Laurent |Nourriture |Entrees
3348|78924|2015-12-31 22:02:59.000|243886|2|Cesar Poulet||1|1|20.00|1.82|62.50|0.00|705|Laurent|Villedieu|Laurent |Nourriture |Entrees
3348|78924|2015-12-31 22:02:59.000|243886|3|Assiette Fromage||1|1|10.50|0.95|62.50|0.00|705|Laurent|Villedieu|Laurent |Nourriture |Desserts
3348|78924|2015-12-31 22:02:59.000|243886|4|Evian 50cl||1|1|4.00|0.36|62.50|0.00|705|Laurent|Villedieu|Laurent |Boisson NA|Eaux Minerales
3348|78924|2015-12-31 22:02:59.000|243886|5|Pepsi Max||1|1|8.00|0.73|62.50|0.00|705|Laurent|Villedieu|Laurent |Boisson NA|Softs
3347|78923|2015-12-31 22:01:59.000|243885|1|Cesar Poulet||1|1|20.00|1.82|161.50|0.00|705|Laurent|Villedieu|Laurent |Nourriture |Entrees
3347|78923|2015-12-31 22:01:59.000|243885|2|Cesar Poulet||1|1|20.00|1.82|161.50|0.00|705|Laurent|Villedieu|Laurent |Nourriture |Entrees
3347|78923|2015-12-31 22:01:59.000|243885|3|Burger Comptoir||1|2|50.00|4.55|161.50|0.00|705|Laurent|Villedieu|Laurent |Nourriture |Autres Plats
3347|78923|2015-12-31 22:01:59.000|243885|4|A Point||1|2|0.00|0.00|161.50|0.00|705|Laurent|Villedieu|Laurent |Nourriture |Messages
3347|78923|2015-12-31 22:01:59.000|243885|5|Evian 75cl||1|1|7.50|0.68|161.50|0.00|705|Laurent|Villedieu|Laurent |Boisson NA|Eaux Minerales
3347|78923|2015-12-31 22:01:59.000|243885|6|Mi-cuit choco||1|1|12.00|1.09|161.50|0.00|705|Laurent|Villedieu|Laurent |Nourriture |Desserts
3347|78923|2015-12-31 22:01:59.000|243885|7|Mi-cuit choco||1|1|12.00|1.09|161.50|0.00|705|Laurent|Villedieu|Laurent |Nourriture |Desserts
3347|78923|2015-12-31 22:01:59.000|243885|8|Coupe du moment|Blanc|1|1|20.00|3.33|161.50|0.00|705|Laurent|Villedieu|Laurent |Alcool|Coupes Champagne
3347|78923|2015-12-31 22:01:59.000|243885|9|Coupe du moment|Blanc|1|1|20.00|3.33|161.50|0.00|705|Laurent|Villedieu|Laurent |Alcool|Coupes Champagne
1349|78915|2015-12-31 21:58:21.000|243883|1|Cht Gassier||1|1|25.00|4.17|209.00|0.00|1003|Rémy|Rastellot|Rémy R|Alcool|Vins Bouteille
1353|78922|2015-12-31 21:58:00.000|243882|1|a.MENU ||1|1|92.00|8.36|209.00|0.00|1003|Rémy|Rastellot|Rémy R|Nourriture |Menus Fetes
1353|78922|2015-12-31 21:58:00.000|243882|2|a.MENU ||2|1|92.00|8.36|209.00|0.00|1003|Rémy|Rastellot|Rémy R|Nourriture |Menus Fetes
2112|78921|2015-12-31 21:56:29.000|243881|1|Red Spicy||1|1|12.00|1.09|21.00|21.00|305|Lola|Grandperrin|Lola G|Boisson NA|Aperitifs
2112|78921|2015-12-31 21:56:29.000|243881|2|V.Terre dorées||1|1|9.00|1.50|21.00|21.00|305|Lola|Grandperrin|Lola G|Alcool|Vins Verre
2111|78920|2015-12-31 21:55:57.000|243880|1|Coupe du moment|Blanc|1|1|18.00|3.00|59.00|59.00|305|Lola|Grandperrin|Lola G|Alcool|Coupes Champagne
2111|78920|2015-12-31 21:55:57.000|243880|2|Coupe du moment|Blanc|1|1|18.00|3.00|59.00|59.00|305|Lola|Grandperrin|Lola G|Alcool|Coupes Champagne
2111|78920|2015-12-31 21:55:57.000|243880|3|Coupe du moment|Blanc|1|1|18.00|3.00|59.00|59.00|305|Lola|Grandperrin|Lola G|Alcool|Coupes Champagne
2111|78920|2015-12-31 21:55:57.000|243880|4|Pastis 51||1|1|5.00|0.83|59.00|59.00|305|Lola|Grandperrin|Lola G|Alcool|Coupes Champagne
1352|78919|2015-12-31 21:54:10.000|243879|1|a.MENU ||1|1|92.00|8.36|216.00|0.00|711|Matthias|matthias|Matthias|Nourriture |Menus Fetes
1352|78919|2015-12-31 21:54:10.000|243879|2|a.MENU ||2|1|92.00|8.36|216.00|0.00|711|Matthias|matthias|Matthias|Nourriture |Menus Fetes
1352|78919|2015-12-31 21:54:10.000|243879|3|Cht Revelette||1|1|25.00|4.17|216.00|0.00|711|Matthias|matthias|Matthias|Alcool|Vins Bouteille
1352|78919|2015-12-31 21:54:10.000|243879|4|Evian 75cl||1|1|7.00|0.64|216.00|0.00|711|Matthias|matthias|Matthias|Boisson NA|Eaux Minerales
1332|78894|2015-12-31 21:52:26.000|243878|1|V.Beaupré||1|1|7.00|1.17|198.00|0.00|117|Cyril|Bernard|Cyril B|Alcool|Vins Verre
2109|78907|2015-12-31 21:48:15.000|243877|1|||1|1|2.00|0.00|39.00|0.00|305|Lola|Grandperrin|Lola G||
1351|78917|2015-12-31 21:48:14.000|243876|1|Evian 75cl||1|1|7.00|0.64|302.00|0.00|1003|Rémy|Rastellot|Rémy R|Boisson NA|Eaux Minerales
1351|78917|2015-12-31 21:48:00.000|243875|1|V.Simone Blc||1|1|12.00|2.00|302.00|0.00|1003|Rémy|Rastellot|Rémy R|Alcool|Vins Verre
1347|78913|2015-12-31 21:47:35.000|243874|1|Dom Vacheron||1|1|48.00|8.00|232.00|0.00|710|Laurent|MDH L|Laurent |Alcool|Vins Bouteille
1351|78917|2015-12-31 21:45:01.000|243873|1|a.MENU ||1|1|92.00|8.36|302.00|0.00|1003|Rémy|Rastellot|Rémy R|Nourriture |Menus Fetes
1351|78917|2015-12-31 21:45:01.000|243873|2|a.MENU ||2|1|92.00|8.36|302.00|0.00|1003|Rémy|Rastellot|Rémy R|Nourriture |Menus Fetes
1351|78917|2015-12-31 21:45:01.000|243873|3|a.MENU ||3|1|92.00|8.36|302.00|0.00|1003|Rémy|Rastellot|Rémy R|Nourriture |Menus Fetes
1349|78915|2015-12-31 21:44:25.000|243871|1|a.MENU ||1|1|92.00|8.36|209.00|0.00|1003|Rémy|Rastellot|Rémy R|Nourriture |Menus Fetes
1349|78915|2015-12-31 21:44:25.000|243871|2|a.MENU ||2|1|92.00|8.36|209.00|0.00|1003|Rémy|Rastellot|Rémy R|Nourriture |Menus Fetes
1348|78914|2015-12-31 21:40:14.000|243869|1|a.MENU ||1|1|92.00|8.36|293.00|0.00|710|Laurent|MDH L|Laurent |Nourriture |Menus Fetes
1348|78914|2015-12-31 21:40:14.000|243869|2|a.MENU ||2|1|92.00|8.36|293.00|0.00|710|Laurent|MDH L|Laurent |Nourriture |Menus Fetes
1348|78914|2015-12-31 21:40:14.000|243869|3|a.MENU ||3|1|92.00|8.36|293.00|0.00|710|Laurent|MDH L|Laurent |Nourriture |Menus Fetes
1348|78914|2015-12-31 21:40:14.000|243869|4|a.MENU ||4|1|92.00|8.36|293.00|0.00|710|Laurent|MDH L|Laurent |Nourriture |Menus Fetes
1348|78914|2015-12-31 21:40:14.000|243869|5|a.MENU ||5|1|92.00|8.36|293.00|0.00|710|Laurent|MDH L|Laurent |Nourriture |Menus Fetes
1348|78914|2015-12-31 21:40:14.000|243869|6|a.MENU ||6|1|92.00|8.36|293.00|0.00|710|Laurent|MDH L|Laurent |Nourriture |Menus Fetes
1348|78914|2015-12-31 21:40:14.000|243869|7|a.MENU ||7|1|92.00|8.36|293.00|0.00|710|Laurent|MDH L|Laurent |Nourriture |Menus Fetes
1348|78914|2015-12-31 21:40:14.000|243869|8|a.MENU ||8|1|92.00|8.36|293.00|0.00|710|Laurent|MDH L|Laurent |Nourriture |Menus Fetes
1347|78913|2015-12-31 21:39:25.000|243867|1|a.MENU ||1|1|92.00|8.36|232.00|0.00|710|Laurent|MDH L|Laurent |Nourriture |Menus Fetes
1347|78913|2015-12-31 21:39:25.000|243867|2|a.MENU ||2|1|92.00|8.36|232.00|0.00|710|Laurent|MDH L|Laurent |Nourriture |Menus Fetes
2110|78912|2015-12-31 21:37:52.000|243866|1|Sex on the grass||1|1|15.00|2.50|15.00|15.00|305|Lola|Grandperrin|Lola G|Alcool|Cocktails Bar
1344|78909|2015-12-31 21:37:28.000|243865|1|Dom Vacheron||1|1|48.00|8.00|238.00|0.00|710|Laurent|MDH L|Laurent |Alcool|Vins Bouteille
1346|78911|2015-12-31 21:36:28.000|243864|1|a.MENU ||1|1|92.00|8.36|306.00|0.00|711|Matthias|matthias|Matthias|Nourriture |Menus Fetes
1346|78911|2015-12-31 21:36:28.000|243864|2|a.MENU ||2|1|92.00|8.36|306.00|0.00|711|Matthias|matthias|Matthias|Nourriture |Menus Fetes
1346|78911|2015-12-31 21:36:28.000|243864|3|a.MENU ||3|1|92.00|8.36|306.00|0.00|711|Matthias|matthias|Matthias|Nourriture |Menus Fetes
1346|78911|2015-12-31 21:36:28.000|243864|4|1/2 beaupré blc||1|1|20.00|3.33|306.00|0.00|711|Matthias|matthias|Matthias|Alcool|Vins Bouteille
1346|78911|2015-12-31 21:36:28.000|243864|5|V.Minuty||1|1|10.00|1.67|306.00|0.00|711|Matthias|matthias|Matthias|Alcool|Vins Bouteille
1345|78910|2015-12-31 21:29:51.000|243863|1|a.MENU ||1|1|92.00|8.36|215.50|0.00|711|Matthias|matthias|Matthias|Nourriture |Menus Fetes
1345|78910|2015-12-31 21:29:51.000|243863|2|a.MENU ||2|1|92.00|8.36|215.50|0.00|711|Matthias|matthias|Matthias|Nourriture |Menus Fetes
1345|78910|2015-12-31 21:29:51.000|243863|3|Cht Gassier|Pas Moine|1|1|25.00|4.17|215.50|0.00|711|Matthias|matthias|Matthias|Alcool|Vins Bouteille
1345|78910|2015-12-31 21:29:51.000|243863|4|Badoit Rg 50cl||1|1|6.50|0.59|215.50|0.00|711|Matthias|matthias|Matthias|Boisson NA|Eaux Minerales
1344|78909|2015-12-31 21:22:38.000|243861|1|a.MENU ||1|1|92.00|8.36|238.00|0.00|710|Laurent|MDH L|Laurent |Nourriture |Menus Fetes
1344|78909|2015-12-31 21:22:38.000|243861|2|a.MENU ||2|1|92.00|8.36|238.00|0.00|710|Laurent|MDH L|Laurent |Nourriture |Menus Fetes
1333|78896|2015-12-31 21:20:42.000|243860|1|BAL Blonde||1|1|6.00|1.00|243.00|0.00|710|Laurent|MDH L|Laurent |Alcool|Bieres
1333|78896|2015-12-31 21:20:42.000|243860|2|BAL Blonde||1|1|6.00|1.00|243.00|0.00|710|Laurent|MDH L|Laurent |Alcool|Bieres
2109|78907|2015-12-31 21:20:22.000|243859|1|V.Terre dorées||1|1|9.00|1.50|39.00|0.00|305|Lola|Grandperrin|Lola G|Alcool|Vins Verre
2109|78907|2015-12-31 21:20:22.000|243859|2|Bellini||1|1|18.00|3.00|39.00|0.00|305|Lola|Grandperrin|Lola G|Alcool|Cocktails Bar
2109|78907|2015-12-31 21:20:22.000|243859|3|L'Aixoise||1|1|12.00|1.09|39.00|0.00|305|Lola|Grandperrin|Lola G|Boisson NA|Aperitifs
1343|78908|2015-12-31 21:19:49.000|243858|1|a.MENU ||1|1|92.00|8.36|548.00|0.00|1003|Rémy|Rastellot|Rémy R|Nourriture |Menus Fetes
1343|78908|2015-12-31 21:19:49.000|243858|2|a.MENU ||2|1|92.00|8.36|548.00|0.00|1003|Rémy|Rastellot|Rémy R|Nourriture |Menus Fetes
1343|78908|2015-12-31 21:19:49.000|243858|3|a.MENU ||3|1|92.00|8.36|548.00|0.00|1003|Rémy|Rastellot|Rémy R|Nourriture |Menus Fetes
1343|78908|2015-12-31 21:19:49.000|243858|4|a.MENU ||4|1|92.00|8.36|548.00|0.00|1003|Rémy|Rastellot|Rémy R|Nourriture |Menus Fetes
1343|78908|2015-12-31 21:19:49.000|243858|5|a.MENU ||5|1|92.00|8.36|548.00|0.00|1003|Rémy|Rastellot|Rémy R|Nourriture |Menus Fetes
1343|78908|2015-12-31 21:19:18.000|243856|1|Cht Simone||1|1|68.00|11.33|548.00|0.00|1003|Rémy|Rastellot|Rémy R|Alcool|Vins Bouteille
1343|78908|2015-12-31 21:19:18.000|243856|2|1/2 beaupré blc||1|1|20.00|3.33|548.00|0.00|1003|Rémy|Rastellot|Rémy R|Alcool|Vins Bouteille
1341|78905|2015-12-31 21:18:09.000|243854|1|a.MENU ||1|1|92.00|8.36|211.00|0.00|711|Matthias|matthias|Matthias|Nourriture |Menus Fetes
1341|78905|2015-12-31 21:18:09.000|243854|2|a.MENU ||2|1|92.00|8.36|211.00|0.00|711|Matthias|matthias|Matthias|Nourriture |Menus Fetes
1341|78905|2015-12-31 21:18:09.000|243854|3|1/2 beaupré blc||1|1|20.00|3.33|211.00|0.00|711|Matthias|matthias|Matthias|Alcool|Vins Bouteille
1341|78905|2015-12-31 21:18:09.000|243854|4|Evian 75cl||1|1|7.00|0.64|211.00|0.00|711|Matthias|matthias|Matthias|Boisson NA|Eaux Minerales
1340|78904|2015-12-31 21:13:25.000|243853|1|Pepsi||1|1|6.00|0.55|465.50|0.00|711|Matthias|matthias|Matthias|Boisson NA|Softs
1340|78904|2015-12-31 21:13:25.000|243853|2|Pepsi||1|1|6.00|0.55|465.50|0.00|711|Matthias|matthias|Matthias|Boisson NA|Softs
1340|78904|2015-12-31 21:13:25.000|243853|3|Limonade||1|1|6.00|0.55|465.50|0.00|711|Matthias|matthias|Matthias|Boisson NA|Softs
1340|78904|2015-12-31 21:13:25.000|243853|4|Limonade||1|1|6.00|0.55|465.50|0.00|711|Matthias|matthias|Matthias|Boisson NA|Softs
1340|78904|2015-12-31 21:13:25.000|243853|5|a.MENU ||1|1|92.00|8.36|465.50|0.00|711|Matthias|matthias|Matthias|Nourriture |Menus Fetes
1340|78904|2015-12-31 21:13:25.000|243853|6|a.MENU ||2|1|92.00|8.36|465.50|0.00|711|Matthias|matthias|Matthias|Nourriture |Menus Fetes
1340|78904|2015-12-31 21:13:25.000|243853|7|a.MENU ||3|1|92.00|8.36|465.50|0.00|711|Matthias|matthias|Matthias|Nourriture |Menus Fetes
1340|78904|2015-12-31 21:13:25.000|243853|8|a.MENU ||4|1|92.00|8.36|465.50|0.00|711|Matthias|matthias|Matthias|Nourriture |Menus Fetes
1340|78904|2015-12-31 21:13:25.000|243853|9|Formule Enfant||5|1|12.50|1.14|465.50|0.00|711|Matthias|matthias|Matthias|Nourriture |Menus Jour
1340|78904|2015-12-31 21:13:25.000|243853|10|Poisson jour||5|1|0.00|0.00|465.50|0.00|711|Matthias|matthias|Matthias|Nourriture |Poissons
1340|78904|2015-12-31 21:13:25.000|243853|11|Frites||5|1|0.00|0.00|465.50|0.00|711|Matthias|matthias|Matthias|Nourriture |Messages
1340|78904|2015-12-31 21:13:25.000|243853|12|V.Minuty||5|1|10.00|1.67|465.50|0.00|711|Matthias|matthias|Matthias|Alcool|Vins Bouteille
2107|78892|2015-12-31 21:12:59.000|243852|1|V.Terre dorées||1|1|9.00|1.50|72.00|0.00|305|Lola|Grandperrin|Lola G|Alcool|Vins Verre
2107|78892|2015-12-31 21:12:59.000|243852|2|V.Terre dorées||1|1|9.00|1.50|72.00|0.00|305|Lola|Grandperrin|Lola G|Alcool|Vins Verre
2107|78892|2015-12-31 21:12:59.000|243852|3|Jus Ananas AM||1|1|0.00|0.00|72.00|0.00|305|Lola|Grandperrin|Lola G|Boisson NA|Softs
2107|78892|2015-12-31 21:12:59.000|243852|4|Jus Ananas AM||1|1|7.00|0.64|72.00|0.00|305|Lola|Grandperrin|Lola G|Boisson NA|Softs
2107|78892|2015-12-31 21:12:59.000|243852|5|Jus Ananas AM||1|-1|0.00|0.00|72.00|0.00|305|Lola|Grandperrin|Lola G|Boisson NA|Softs
1339|78903|2015-12-31 21:02:40.000|243851|1|V.Simone Rge|Cht Simone|1|1|12.00|2.00|208.00|0.00|117|Cyril|Bernard|Cyril B|Alcool|Vins Verre
1339|78903|2015-12-31 21:02:40.000|243851|2|V.Simone Blc||1|1|12.00|2.00|208.00|0.00|117|Cyril|Bernard|Cyril B|Alcool|Vins Verre
1338|78902|2015-12-31 21:00:25.000|243850|1|Evian 75cl||1|1|7.00|0.64|231.00|0.00|117|Cyril|Bernard|Cyril B|Boisson NA|Eaux Minerales
1337|78901|2015-12-31 20:59:40.000|243849|1|a.MENU ||1|1|92.00|8.36|248.00|0.00|711|Matthias|matthias|Matthias|Nourriture |Menus Fetes
1337|78901|2015-12-31 20:59:40.000|243849|2|a.MENU ||2|1|92.00|8.36|248.00|0.00|711|Matthias|matthias|Matthias|Nourriture |Menus Fetes
1339|78903|2015-12-31 20:54:52.000|243846|1|a.MENU ||1|1|92.00|8.36|208.00|0.00|117|Cyril|Bernard|Cyril B|Nourriture |Menus Fetes
1339|78903|2015-12-31 20:54:52.000|243846|2|a.MENU ||2|1|92.00|8.36|208.00|0.00|117|Cyril|Bernard|Cyril B|Nourriture |Menus Fetes
1338|78902|2015-12-31 20:54:02.000|243844|1|a.MENU ||1|1|92.00|8.36|231.00|0.00|117|Cyril|Bernard|Cyril B|Nourriture |Menus Fetes
1338|78902|2015-12-31 20:54:02.000|243844|2|a.MENU ||2|1|92.00|8.36|231.00|0.00|117|Cyril|Bernard|Cyril B|Nourriture |Menus Fetes
1338|78902|2015-12-31 20:54:02.000|243844|3|Dom Paternel|Blc de blc|2|1|40.00|6.67|231.00|0.00|117|Cyril|Bernard|Cyril B|Alcool|Vins Bouteille
1337|78901|2015-12-31 20:53:51.000|243843|1|Mojito||1|1|15.00|2.50|248.00|0.00|711|Matthias|matthias|Matthias|Alcool|Cocktails Bar
1337|78901|2015-12-31 20:53:51.000|243843|2|Kir Royal||1|1|20.00|3.33|248.00|0.00|711|Matthias|matthias|Matthias|Alcool|Aperitifs
1337|78901|2015-12-31 20:53:51.000|243843|3|Creme Framboise||1|1|0.00|0.00|248.00|0.00|711|Matthias|matthias|Matthias|Nourriture |Messages
1337|78901|2015-12-31 20:53:51.000|243843|4|Cht Gassier||1|1|25.00|4.17|248.00|0.00|711|Matthias|matthias|Matthias|Alcool|Vins Bouteille
1336|78899|2015-12-31 20:53:08.000|243841|1|Cht Revelette|Chateau|1|1|25.00|4.17|212.00|0.00|710|Laurent|MDH L|Laurent |Alcool|Vins Bouteille
1334|78897|2015-12-31 20:46:06.000|243837|1|Evian 75cl||1|1|7.00|0.64|437.50|0.00|710|Laurent|MDH L|Laurent |Boisson NA|Eaux Minerales
1334|78897|2015-12-31 20:46:06.000|243837|2|Badoit Rg 75cl||1|1|7.50|0.68|437.50|0.00|710|Laurent|MDH L|Laurent |Boisson NA|Eaux Minerales
1334|78897|2015-12-31 20:45:42.000|243836|1|Dom Vacheron||1|1|48.00|8.00|437.50|0.00|710|Laurent|MDH L|Laurent |Alcool|Vins Bouteille
2107|78892|2015-12-31 20:45:22.000|243835|1|V.Terre dorées||1|1|9.00|1.50|72.00|0.00|305|Lola|Grandperrin|Lola G|Alcool|Vins Verre
2108|78900|2015-12-31 20:45:09.000|243834|1|Jus Orange AM||1|1|0.00|0.00|7.00|0.00|305|Lola|Grandperrin|Lola G|Boisson NA|Softs
2108|78900|2015-12-31 20:45:09.000|243834|2|Jus Orange AM||1|1|7.00|0.64|7.00|0.00|305|Lola|Grandperrin|Lola G|Boisson NA|Softs
2108|78900|2015-12-31 20:45:09.000|243834|3|Jus Orange AM||1|-1|0.00|0.00|7.00|0.00|305|Lola|Grandperrin|Lola G|Boisson NA|Softs
1336|78899|2015-12-31 20:43:48.000|243833|1|a.MENU ||1|1|92.00|8.36|212.00|0.00|710|Laurent|MDH L|Laurent |Nourriture |Menus Fetes
1336|78899|2015-12-31 20:43:48.000|243833|2|a.MENU ||2|1|92.00|8.36|212.00|0.00|710|Laurent|MDH L|Laurent |Nourriture |Menus Fetes
1335|78898|2015-12-31 20:41:20.000|243832|1|Badoit Verte||1|1|7.50|0.68|216.50|0.00|710|Laurent|MDH L|Laurent |Boisson NA|Eaux Minerales
1335|78898|2015-12-31 20:41:20.000|243832|2|Cht Revelette|Cht|1|1|25.00|4.17|216.50|0.00|710|Laurent|MDH L|Laurent |Alcool|Vins Bouteille
1335|78898|2015-12-31 20:41:20.000|243832|3|a.MENU ||1|1|92.00|8.36|216.50|0.00|710|Laurent|MDH L|Laurent |Nourriture |Menus Fetes
1335|78898|2015-12-31 20:41:20.000|243832|4|a.MENU ||2|1|92.00|8.36|216.50|0.00|710|Laurent|MDH L|Laurent |Nourriture |Menus Fetes
1334|78897|2015-12-31 20:40:17.000|243831|1|a.MENU ||1|1|92.00|8.36|437.50|0.00|710|Laurent|MDH L|Laurent |Nourriture |Menus Fetes
1334|78897|2015-12-31 20:40:17.000|243831|2|a.MENU ||2|1|92.00|8.36|437.50|0.00|710|Laurent|MDH L|Laurent |Nourriture |Menus Fetes
1334|78897|2015-12-31 20:40:17.000|243831|3|a.MENU ||3|1|92.00|8.36|437.50|0.00|710|Laurent|MDH L|Laurent |Nourriture |Menus Fetes
1334|78897|2015-12-31 20:40:17.000|243831|4|a.MENU ||4|1|92.00|8.36|437.50|0.00|710|Laurent|MDH L|Laurent |Nourriture |Menus Fetes
1333|78896|2015-12-31 20:39:39.000|243830|1|a.MENU ||1|1|92.00|8.36|243.00|0.00|710|Laurent|MDH L|Laurent |Nourriture |Menus Fetes
1333|78896|2015-12-31 20:39:39.000|243830|2|a.MENU ||2|1|92.00|8.36|243.00|0.00|710|Laurent|MDH L|Laurent |Nourriture |Menus Fetes
1333|78896|2015-12-31 20:39:39.000|243830|3|Pepsi||2|1|6.00|0.55|243.00|0.00|710|Laurent|MDH L|Laurent |Boisson NA|Softs
1333|78896|2015-12-31 20:39:39.000|243830|4|Evian 75cl||2|1|7.00|0.64|243.00|0.00|710|Laurent|MDH L|Laurent |Boisson NA|Eaux Minerales
1333|78896|2015-12-31 20:39:39.000|243830|5|Dom Sulauze|Galinette|2|1|34.00|5.67|243.00|0.00|710|Laurent|MDH L|Laurent |Alcool|Vins Bouteille
1332|78894|2015-12-31 20:35:03.000|243828|1|V.Beaupré||1|1|7.00|1.17|198.00|0.00|117|Cyril|Bernard|Cyril B|Alcool|Vins Verre
1332|78894|2015-12-31 20:33:49.000|243827|1|a.MENU ||1|1|92.00|8.36|198.00|0.00|117|Cyril|Bernard|Cyril B|Nourriture |Menus Fetes
1332|78894|2015-12-31 20:33:49.000|243827|2|a.MENU ||2|1|92.00|8.36|198.00|0.00|117|Cyril|Bernard|Cyril B|Nourriture |Menus Fetes
2107|78892|2015-12-31 20:31:49.000|243825|1|Jus Orange AM||1|1|7.00|0.64|72.00|0.00|305|Lola|Grandperrin|Lola G|Boisson NA|Softs
2107|78892|2015-12-31 20:31:49.000|243825|2|Jus Orange AM||1|1|7.00|0.64|72.00|0.00|305|Lola|Grandperrin|Lola G|Boisson NA|Softs
2107|78892|2015-12-31 20:31:49.000|243825|3|Limonade||1|1|6.00|0.55|72.00|0.00|305|Lola|Grandperrin|Lola G|Boisson NA|Softs
2107|78892|2015-12-31 20:31:49.000|243825|4|V.Terre dorées||1|1|9.00|1.50|72.00|0.00|305|Lola|Grandperrin|Lola G|Alcool|Vins Verre
2107|78892|2015-12-31 20:31:49.000|243825|5|V.Terre dorées||1|1|9.00|1.50|72.00|0.00|305|Lola|Grandperrin|Lola G|Alcool|Vins Verre
1330|78891|2015-12-31 20:31:33.000|243823|1|Nikka Barrel||3|1|16.00|2.67|219.50|0.00|117|Cyril|Bernard|Cyril B|Alcool|Whisky
1330|78891|2015-12-31 20:31:33.000|243823|2|Virgin Mojito||3|1|12.00|1.09|219.50|0.00|117|Cyril|Bernard|Cyril B|Boisson NA|Aperitifs
1330|78891|2015-12-31 20:26:04.000|243818|1|a.MENU ||1|1|92.00|8.36|219.50|0.00|117|Cyril|Bernard|Cyril B|Nourriture |Menus Fetes
1330|78891|2015-12-31 20:26:04.000|243818|2|a.MENU ||2|1|92.00|8.36|219.50|0.00|117|Cyril|Bernard|Cyril B|Nourriture |Menus Fetes
1329|78889|2015-12-31 20:25:52.000|243817|1|Deutz|1/2 Bout|1|1|45.00|7.50|235.00|0.00|117|Cyril|Bernard|Cyril B|Alcool|Champagne
3344|78890|2015-12-31 20:23:02.000|243816|1|Burger Comptoir||1|2|50.00|4.55|78.00|0.00|711|Matthias|matthias|Matthias|Nourriture |Autres Plats
3344|78890|2015-12-31 20:23:02.000|243816|2|A Point||1|1|0.00|0.00|78.00|0.00|711|Matthias|matthias|Matthias|Nourriture |Messages
3344|78890|2015-12-31 20:23:02.000|243816|3|A Point||1|1|0.00|0.00|78.00|0.00|711|Matthias|matthias|Matthias|Nourriture |Messages
3344|78890|2015-12-31 20:23:02.000|243816|4|Ice Tea Peche||1|1|8.00|0.73|78.00|0.00|711|Matthias|matthias|Matthias|Boisson NA|Softs
3344|78890|2015-12-31 20:23:02.000|243816|5|Ice Tea Peche||1|1|8.00|0.73|78.00|0.00|711|Matthias|matthias|Matthias|Boisson NA|Softs
3344|78890|2015-12-31 20:23:02.000|243816|6|Assiette Fruits ||1|1|12.00|1.09|78.00|0.00|711|Matthias|matthias|Matthias|Nourriture |Snacks
1329|78889|2015-12-31 20:17:56.000|243815|1|a.MENU ||1|1|92.00|8.36|235.00|0.00|117|Cyril|Bernard|Cyril B|Nourriture |Menus Fetes
1329|78889|2015-12-31 20:17:56.000|243815|2|a.MENU ||2|1|92.00|8.36|235.00|0.00|117|Cyril|Bernard|Cyril B|Nourriture |Menus Fetes
1328|78887|2015-12-31 20:09:06.000|243812|1|Formule Enfant||3|1|12.50|1.14|204.00|0.00|710|Laurent|MDH L|Laurent |Nourriture |Menus Jour
1328|78887|2015-12-31 20:09:06.000|243812|2|Poisson jour||3|1|0.00|0.00|204.00|0.00|710|Laurent|MDH L|Laurent |Nourriture |Poissons
1328|78887|2015-12-31 20:09:06.000|243812|3|Frites||3|1|0.00|0.00|204.00|0.00|710|Laurent|MDH L|Laurent |Nourriture |Messages
3343|78888|2015-12-31 20:03:59.000|243811|1|Frites||1|1|6.00|0.55|6.00|0.00|711|Matthias|matthias|Matthias|Nourriture |Messages
1328|78887|2015-12-31 20:02:00.000|243810|1|a.MENU ||1|1|92.00|8.36|204.00|0.00|710|Laurent|MDH L|Laurent |Nourriture |Menus Fetes
1328|78887|2015-12-31 20:02:00.000|243810|2|a.MENU ||2|1|92.00|8.36|204.00|0.00|710|Laurent|MDH L|Laurent |Nourriture |Menus Fetes
1328|78887|2015-12-31 20:02:00.000|243810|3|Badoit Rg 75cl||1|1|7.50|0.68|204.00|0.00|710|Laurent|MDH L|Laurent |Boisson NA|Eaux Minerales
2106|78886|2015-12-31 20:01:33.000|243809|1|Nikka Barrel||1|1|16.00|2.67|28.00|28.00|305|Lola|Grandperrin|Lola G|Alcool|Whisky
2106|78886|2015-12-31 20:01:33.000|243809|2|Virgin Mojito||1|1|12.00|1.09|28.00|28.00|305|Lola|Grandperrin|Lola G|Boisson NA|Aperitifs
3342|78885|2015-12-31 19:57:58.000|243806|1|Cesar Poulet||1|1|20.00|1.82|28.00|0.00|705|Laurent|Villedieu|Laurent |Nourriture |Entrees
3342|78885|2015-12-31 19:57:58.000|243806|2|V. Baulieu|Alexandre|1|1|8.00|1.33|28.00|0.00|705|Laurent|Villedieu|Laurent |Alcool|Vins Bouteille
3341|78884|2015-12-31 19:56:07.000|243804|1|Burger Comptoir||1|2|50.00|4.55|62.00|0.00|710|Laurent|MDH L|Laurent |Nourriture |Autres Plats
3341|78884|2015-12-31 19:56:07.000|243804|2|A Point||1|1|0.00|0.00|62.00|0.00|710|Laurent|MDH L|Laurent |Nourriture |Messages
3341|78884|2015-12-31 19:56:07.000|243804|3|A Point||1|1|0.00|0.00|62.00|0.00|710|Laurent|MDH L|Laurent |Nourriture |Messages
3341|78884|2015-12-31 19:56:07.000|243804|4|Assiette Fruits ||1|1|12.00|1.09|62.00|0.00|710|Laurent|MDH L|Laurent |Nourriture |Snacks
3339|78879|2015-12-31 19:45:19.000|243801|1|||1|1|3.00|0.00|11.50|0.00|1003|Rémy|Rastellot|Rémy R||
2105|78883|2015-12-31 19:40:50.000|243800|1|Pina Colada||1|1|15.00|2.50|50.00|0.00|305|Lola|Grandperrin|Lola G|Alcool|Cocktails Bar
2105|78883|2015-12-31 19:40:50.000|243800|2|Pina Colada||1|1|15.00|2.50|50.00|0.00|305|Lola|Grandperrin|Lola G|Alcool|Cocktails Bar
2105|78883|2015-12-31 19:40:50.000|243800|3|Jack daniel s||1|1|13.00|2.17|50.00|0.00|305|Lola|Grandperrin|Lola G|Alcool|Whisky
2105|78883|2015-12-31 19:40:50.000|243800|4|Martini Bianco||1|1|7.00|1.17|50.00|0.00|305|Lola|Grandperrin|Lola G|Alcool|Aperitifs
2104|78882|2015-12-31 19:25:46.000|243798|1|Virgin Mojito||1|1|12.00|1.09|24.00|0.00|305|Lola|Grandperrin|Lola G|Boisson NA|Aperitifs
2104|78882|2015-12-31 19:25:46.000|243798|2|Dry Martini||1|1|12.00|2.00|24.00|0.00|305|Lola|Grandperrin|Lola G|Alcool|Cocktails Bar
2103|78881|2015-12-31 19:23:21.000|243797|1|Jack daniel s||1|1|13.00|2.17|13.00|0.00|305|Lola|Grandperrin|Lola G|Alcool|Whisky
6040|78878|2015-12-31 19:11:23.000|243794|1|Espresso||1|1|2.50|0.23|0.00|0.00|305|Lola|Grandperrin|Lola G|Cafeterie|Cafeterie
6040|78878|2015-12-31 19:11:23.000|243794|2|Cappucino||1|1|4.10|0.37|0.00|0.00|305|Lola|Grandperrin|Lola G|Cafeterie|Cafeterie
6040|78878|2015-12-31 19:11:23.000|243794|3|Espresso||1|-1|-2.50|-0.23|0.00|0.00|305|Lola|Grandperrin|Lola G|Cafeterie|Cafeterie
6040|78878|2015-12-31 19:11:23.000|243794|4|Cappucino||1|-1|-4.10|-0.37|0.00|0.00|305|Lola|Grandperrin|Lola G|Cafeterie|Cafeterie
3338|78876|2015-12-31 19:03:22.000|243791|1|1/2 Cht Baulieu|Rouge|1|1|20.00|3.33|95.00|0.00|710|Laurent|MDH L|Laurent |Alcool|Vins Bouteille
3339|78879|2015-12-31 18:46:43.000|243788|1|Poisson jour||1|1|11.50|1.05|11.50|0.00|1003|Rémy|Rastellot|Rémy R|Nourriture |Poissons
3339|78879|2015-12-31 18:46:43.000|243788|2|Frites||1|1|0.00|0.00|11.50|0.00|1003|Rémy|Rastellot|Rémy R|Nourriture |Messages
3339|78879|2015-12-31 18:46:43.000|243788|3|...Message Libre|...Mes.Libre|1|1|0.00|0.00|11.50|0.00|1003|Rémy|Rastellot|Rémy R|Nourriture |Messages
6040|78878|2015-12-31 18:45:58.000|243787|1|Espresso||1|1|2.50|0.23|0.00|0.00|305|Lola|Grandperrin|Lola G|Cafeterie|Cafeterie
6040|78878|2015-12-31 18:45:58.000|243787|2|Cappucino||1|1|4.10|0.37|0.00|0.00|305|Lola|Grandperrin|Lola G|Cafeterie|Cafeterie
6039|78877|2015-12-31 18:38:22.000|243785|1|Americano||1|1|3.50|0.32|11.10|0.00|305|Lola|Grandperrin|Lola G|Cafeterie|Cafeterie
6039|78877|2015-12-31 18:38:22.000|243785|2|Cappucino||1|1|4.10|0.37|11.10|0.00|305|Lola|Grandperrin|Lola G|Cafeterie|Cafeterie
6039|78877|2015-12-31 18:38:22.000|243785|3|Espresso||1|1|3.50|0.32|11.10|0.00|305|Lola|Grandperrin|Lola G|Cafeterie|Cafeterie
3338|78876|2015-12-31 18:37:29.000|243784|1|Burger Comptoir||1|1|25.00|2.27|95.00|0.00|710|Laurent|MDH L|Laurent |Nourriture |Autres Plats
3338|78876|2015-12-31 18:37:29.000|243784|2|A Point||1|1|0.00|0.00|95.00|0.00|710|Laurent|MDH L|Laurent |Nourriture |Messages
3338|78876|2015-12-31 18:37:29.000|243784|3|Burger Comptoir||1|1|25.00|2.27|95.00|0.00|710|Laurent|MDH L|Laurent |Nourriture |Autres Plats
3338|78876|2015-12-31 18:37:29.000|243784|4|Bien Cuit||1|1|0.00|0.00|95.00|0.00|710|Laurent|MDH L|Laurent |Nourriture |Messages
3338|78876|2015-12-31 18:37:29.000|243784|5|Burger Comptoir||1|-1|-25.00|-2.27|95.00|0.00|710|Laurent|MDH L|Laurent |Nourriture |Autres Plats
3338|78876|2015-12-31 18:37:29.000|243784|6|A Point||1|-1|0.00|0.00|95.00|0.00|710|Laurent|MDH L|Laurent |Nourriture |Messages
3338|78876|2015-12-31 18:37:29.000|243784|7|Burger Comptoir||1|1|25.00|2.27|95.00|0.00|710|Laurent|MDH L|Laurent |Nourriture |Autres Plats
3338|78876|2015-12-31 18:37:29.000|243784|8|Bien Cuit||1|1|0.00|0.00|95.00|0.00|710|Laurent|MDH L|Laurent |Nourriture |Messages
3338|78876|2015-12-31 18:37:29.000|243784|9|Burger Comptoir||1|1|25.00|2.27|95.00|0.00|710|Laurent|MDH L|Laurent |Nourriture |Autres Plats
3338|78876|2015-12-31 18:37:29.000|243784|10|Bien Cuit||1|1|0.00|0.00|95.00|0.00|710|Laurent|MDH L|Laurent |Nourriture |Messages
2102|78875|2015-12-31 18:25:04.000|243783|1|Heineken 25cl||1|1|5.00|0.83|5.00|0.00|305|Lola|Grandperrin|Lola G|Alcool|Bieres
2101|78874|2015-12-31 17:46:10.000|243778|1|Tazo Tea||0|1|4.10|0.37|26.60|0.00|305|Lola|Grandperrin|Lola G|Cafeterie|Cafeterie
2101|78874|2015-12-31 17:46:10.000|243778|2|Hot Choc||0|1|4.50|0.41|26.60|0.00|305|Lola|Grandperrin|Lola G|Cafeterie|Cafeterie
2101|78874|2015-12-31 17:46:01.000|243776|1|Pepsi||1|1|6.00|0.55|26.60|0.00|305|Lola|Grandperrin|Lola G|Boisson NA|Softs
2101|78874|2015-12-31 17:46:01.000|243776|2|V.Simone Blc||1|1|12.00|2.00|26.60|0.00|305|Lola|Grandperrin|Lola G|Alcool|Vins Verre
6038|78873|2015-12-31 17:45:45.000|243775|1|Tazo Tea||1|1|4.10|0.37|8.60|8.60|305|Lola|Grandperrin|Lola G|Cafeterie|Cafeterie
6038|78873|2015-12-31 17:45:45.000|243775|2|Hot Choc||1|1|4.50|0.41|8.60|8.60|305|Lola|Grandperrin|Lola G|Cafeterie|Cafeterie
3337|78870|2015-12-31 17:41:13.000|243774|1|Sirop Grenadine||1|1|0.00|0.00|30.00|0.00|705|Laurent|Villedieu|Laurent |Boisson NA|Softs
3337|78870|2015-12-31 17:41:13.000|243774|2|Assiette charcut||1|1|18.00|1.64|30.00|0.00|705|Laurent|Villedieu|Laurent |Nourriture |Autres Plats
3337|78870|2015-12-31 17:41:13.000|243774|3|Assiette fromage||1|1|12.00|1.09|30.00|0.00|705|Laurent|Villedieu|Laurent |Nourriture |Autres Plats
6037|78872|2015-12-31 17:41:00.000|243773|1|Hot choc||1|1|5.10|0.46|9.90|0.00|305|Lola|Grandperrin|Lola G|Cafeterie|Cafeterie
6037|78872|2015-12-31 17:41:00.000|243773|2|Cappucino||1|1|4.80|0.44|9.90|0.00|305|Lola|Grandperrin|Lola G|Cafeterie|Cafeterie
8354|78869|2015-12-31 17:38:55.000|243771|1|Evian MB||1|1|5.00|0.45|19.00|0.00|412|MINIBAR|Room Service|Room Ser|Boisson NA|Softs Mini Bar
8354|78869|2015-12-31 17:38:55.000|243771|2|Fiji||1|2|14.00|1.27|19.00|0.00|412|MINIBAR|Room Service|Room Ser|Boisson NA|Softs Mini Bar
8353|78868|2015-12-31 17:38:34.000|243770|1|Chips salées||1|1|4.00|0.36|8.00|0.00|412|MINIBAR|Room Service|Room Ser|Boisson NA|Alcools Mini Bar
8353|78868|2015-12-31 17:38:34.000|243770|2|Chips vinaigre||1|1|4.00|0.36|8.00|0.00|412|MINIBAR|Room Service|Room Ser|Boisson NA|Alcools Mini Bar
8352|78867|2015-12-31 17:38:14.000|243769|1|Evian MB||1|2|10.00|0.91|24.00|0.00|412|MINIBAR|Room Service|Room Ser|Boisson NA|Softs Mini Bar
8352|78867|2015-12-31 17:38:14.000|243769|2|Red Badoit MB||1|2|10.00|0.91|24.00|0.00|412|MINIBAR|Room Service|Room Ser|Boisson NA|Softs Mini Bar
8352|78867|2015-12-31 17:38:14.000|243769|3|Chips salées||1|1|4.00|0.36|24.00|0.00|412|MINIBAR|Room Service|Room Ser|Boisson NA|Alcools Mini Bar
8351|78866|2015-12-31 17:37:54.000|243768|1|Evian MB||1|1|5.00|0.45|14.00|0.00|412|MINIBAR|Room Service|Room Ser|Boisson NA|Softs Mini Bar
8351|78866|2015-12-31 17:37:54.000|243768|2|Red Badoit MB||1|1|5.00|0.45|14.00|0.00|412|MINIBAR|Room Service|Room Ser|Boisson NA|Softs Mini Bar
8351|78866|2015-12-31 17:37:54.000|243768|3|Chips salées||1|1|4.00|0.36|14.00|0.00|412|MINIBAR|Room Service|Room Ser|Boisson NA|Alcools Mini Bar
8350|78865|2015-12-31 17:37:31.000|243767|1|Chips salées||1|1|4.00|0.36|8.00|0.00|412|MINIBAR|Room Service|Room Ser|Boisson NA|Alcools Mini Bar
8350|78865|2015-12-31 17:37:31.000|243767|2|Chips vinaigre||1|1|4.00|0.36|8.00|0.00|412|MINIBAR|Room Service|Room Ser|Boisson NA|Alcools Mini Bar
8349|78864|2015-12-31 17:37:18.000|243766|1|Red Badoit MB||1|1|5.00|0.45|5.00|0.00|412|MINIBAR|Room Service|Room Ser|Boisson NA|Softs Mini Bar
8348|78863|2015-12-31 17:37:03.000|243765|1|Evian MB||1|1|5.00|0.45|9.00|0.00|412|MINIBAR|Room Service|Room Ser|Boisson NA|Softs Mini Bar
8348|78863|2015-12-31 17:37:03.000|243765|2|Chips vinaigre||1|1|4.00|0.36|9.00|0.00|412|MINIBAR|Room Service|Room Ser|Boisson NA|Alcools Mini Bar
8347|78862|2015-12-31 17:36:39.000|243764|1|Evian MB||1|2|10.00|0.91|19.00|0.00|412|MINIBAR|Room Service|Room Ser|Boisson NA|Softs Mini Bar
8347|78862|2015-12-31 17:36:39.000|243764|2|Red Badoit MB||1|1|5.00|0.45|19.00|0.00|412|MINIBAR|Room Service|Room Ser|Boisson NA|Softs Mini Bar
8347|78862|2015-12-31 17:36:39.000|243764|3|Chips vinaigre||1|1|4.00|0.36|19.00|0.00|412|MINIBAR|Room Service|Room Ser|Boisson NA|Alcools Mini Bar
8346|78861|2015-12-31 17:36:16.000|243763|1|Evian MB||1|1|5.00|0.45|5.00|0.00|412|MINIBAR|Room Service|Room Ser|Boisson NA|Softs Mini Bar
8345|78860|2015-12-31 17:35:57.000|243762|1|Chips salées||1|1|4.00|0.36|27.00|0.00|412|MINIBAR|Room Service|Room Ser|Boisson NA|Alcools Mini Bar
8345|78860|2015-12-31 17:35:57.000|243762|2|Red Badoit MB||1|1|5.00|0.45|27.00|0.00|412|MINIBAR|Room Service|Room Ser|Boisson NA|Softs Mini Bar
8345|78860|2015-12-31 17:35:57.000|243762|3|Voss||1|1|7.00|0.64|27.00|0.00|412|MINIBAR|Room Service|Room Ser|Boisson NA|Softs Mini Bar
8345|78860|2015-12-31 17:35:57.000|243762|4|Forf Boiss TEST||1|1|0.00|0.00|27.00|0.00|412|MINIBAR|Room Service|Room Ser|Boisson NA|Forfaits Banquet Softs
8345|78860|2015-12-31 17:35:57.000|243762|5|Voss||1|1|7.00|0.64|27.00|0.00|412|MINIBAR|Room Service|Room Ser|Boisson NA|Softs Mini Bar
8345|78860|2015-12-31 17:35:57.000|243762|6|Forf Boiss TEST||1|1|0.00|0.00|27.00|0.00|412|MINIBAR|Room Service|Room Ser|Boisson NA|Forfaits Banquet Softs
8345|78860|2015-12-31 17:35:57.000|243762|7|Chips salées||1|1|4.00|0.36|27.00|0.00|412|MINIBAR|Room Service|Room Ser|Boisson NA|Alcools Mini Bar
2099|78859|2015-12-31 17:10:46.000|243760|1|Jus Peche AM||1|1|0.00|0.00|7.00|0.00|305|Lola|Grandperrin|Lola G|Boisson NA|Softs
2099|78859|2015-12-31 17:10:46.000|243760|2|Jus Peche AM||1|1|7.00|0.64|7.00|0.00|305|Lola|Grandperrin|Lola G|Boisson NA|Softs
2099|78859|2015-12-31 17:10:46.000|243760|3|Jus Peche AM||1|-1|0.00|0.00|7.00|0.00|305|Lola|Grandperrin|Lola G|Boisson NA|Softs
6036|78858|2015-12-31 17:00:43.000|243758|1|Mocha||1|3|13.50|1.23|13.50|0.00|305|Lola|Grandperrin|Lola G|Cafeterie|Cafeterie
6035|78857|2015-12-31 16:55:01.000|243756|1|Espresso||1|1|2.50|0.23|2.50|0.00|305|Lola|Grandperrin|Lola G|Cafeterie|Cafeterie
2097|78855|2015-12-31 16:29:16.000|243753|1|Heineken 25cl||1|1|5.00|0.83|10.00|0.00|305|Lola|Grandperrin|Lola G|Alcool|Bieres
2097|78855|2015-12-31 16:29:16.000|243753|2|Heineken 25cl||1|1|5.00|0.83|10.00|0.00|305|Lola|Grandperrin|Lola G|Alcool|Bieres
6034|78854|2015-12-31 16:26:52.000|243751|1|Mocha||1|1|4.50|0.41|14.10|0.00|305|Lola|Grandperrin|Lola G|Cafeterie|Cafeterie
6034|78854|2015-12-31 16:26:52.000|243751|2|Chai L||1|1|5.10|0.46|14.10|0.00|305|Lola|Grandperrin|Lola G|Cafeterie|Cafeterie
6034|78854|2015-12-31 16:26:52.000|243751|3|Hot Choc||1|1|4.50|0.41|14.10|0.00|305|Lola|Grandperrin|Lola G|Cafeterie|Cafeterie
6033|78853|2015-12-31 16:25:02.000|243749|1|Tazo Tea||1|1|5.10|0.46|9.20|0.00|305|Lola|Grandperrin|Lola G|Cafeterie|Cafeterie
6033|78853|2015-12-31 16:25:02.000|243749|2|Cappucino||1|1|4.10|0.37|9.20|0.00|305|Lola|Grandperrin|Lola G|Cafeterie|Cafeterie
6032|78852|2015-12-31 16:19:58.000|243747|1|Tazo Tea||1|1|5.10|0.46|18.20|0.00|305|Lola|Grandperrin|Lola G|Cafeterie|Cafeterie
6032|78852|2015-12-31 16:19:58.000|243747|2|Latte||1|1|5.20|0.47|18.20|0.00|305|Lola|Grandperrin|Lola G|Cafeterie|Cafeterie
6032|78852|2015-12-31 16:19:58.000|243747|3|Syrup Caramel||1|1|0.50|0.05|18.20|0.00|305|Lola|Grandperrin|Lola G|Cafeterie|Cafeterie
6032|78852|2015-12-31 16:19:58.000|243747|4|Hot Choc||1|1|4.50|0.41|18.20|0.00|305|Lola|Grandperrin|Lola G|Cafeterie|Cafeterie
6032|78852|2015-12-31 16:19:58.000|243747|5|Muffin choco||1|1|2.90|0.26|18.20|0.00|305|Lola|Grandperrin|Lola G|Cafeterie|Cafeterie
6031|78851|2015-12-31 16:14:42.000|243746|1|Espresso||1|1|1.00|0.09|2.50|0.00|305|Lola|Grandperrin|Lola G|Cafeterie|Cafeterie
6031|78851|2015-12-31 16:14:42.000|243746|2|Espresso||1|1|2.50|0.23|2.50|0.00|305|Lola|Grandperrin|Lola G|Cafeterie|Cafeterie
6031|78851|2015-12-31 16:14:42.000|243746|3|Espresso||1|-1|-1.00|-0.09|2.50|0.00|305|Lola|Grandperrin|Lola G|Cafeterie|Cafeterie
5152|78850|2015-12-31 14:52:06.000|243739|1|Divers Nourrit.||1|-1|-287.00|-26.09|0.00|0.00|710|Laurent|MDH L|Laurent |Nourriture |Divers 10%
5152|78850|2015-12-31 14:52:06.000|243739|3|Divers Alcools||1|-1|-42.00|-7.00|0.00|0.00|710|Laurent|MDH L|Laurent |Alcool|Divers 20%
5152|78850|2015-12-31 14:50:39.000|243738|1|Divers Loc Salle||1|1|42.00|7.00|0.00|0.00|710|Laurent|MDH L|Laurent |Loc Salle 20|Loc Salle 20%
5152|78850|2015-12-31 14:50:39.000|243738|2|Divers Nourrit.||1|1|336.00|30.55|0.00|0.00|710|Laurent|MDH L|Laurent |Nourriture |Divers 10%
5152|78850|2015-12-31 14:50:39.000|243738|4|Divers Loc Salle||1|-1|-49.00|-8.17|0.00|0.00|710|Laurent|MDH L|Laurent |Loc Salle 20|Loc Salle 20%
3336|78848|2015-12-31 14:43:15.000|243736|1|1/2 Revelette||1|1|5.72|0.95|0.00|0.00|810|DUTY NIGHT|Direction|DIRECTIO|Alcool|Champagne
3336|78848|2015-12-31 14:43:15.000|243736|2|1/2 Deutz||1|1|10.24|1.71|0.00|0.00|810|DUTY NIGHT|Direction|DIRECTIO|Alcool|Champagne
3336|78848|2015-12-31 14:43:15.000|243736|3|1/2 Revelette||1|1|5.72|0.95|0.00|0.00|810|DUTY NIGHT|Direction|DIRECTIO|Alcool|Champagne
3336|78848|2015-12-31 14:43:15.000|243736|4|Confiserie||1|14|14.84|1.35|0.00|0.00|810|DUTY NIGHT|Direction|DIRECTIO|Nourriture |Snacks
3336|78848|2015-12-31 14:43:15.000|243736|5|Crouton Tapenade||1|1|0.55|0.05|0.00|0.00|810|DUTY NIGHT|Direction|DIRECTIO|Nourriture |Autres Plats
3336|78848|2015-12-31 14:43:15.000|243736|6|Eau Prestig|Evian|1|5|3.25|0.30|0.00|0.00|810|DUTY NIGHT|Direction|DIRECTIO|Boisson NA|Eaux Minerales
3336|78848|2015-12-31 14:43:15.000|243736|7|Goutte d'Eau|Evian |1|193|102.29|9.30|0.00|0.00|810|DUTY NIGHT|Direction|DIRECTIO|Boisson NA|Eaux Minerales
3336|78848|2015-12-31 14:43:15.000|243736|8|1/2 Revelette||1|-1|-5.72|-0.95|0.00|0.00|810|DUTY NIGHT|Direction|DIRECTIO|Alcool|Champagne
3336|78848|2015-12-31 14:43:15.000|243736|9|||1|1|-5.72|-0.95|0.00|0.00|810|DUTY NIGHT|Direction|DIRECTIO||
3336|78848|2015-12-31 14:43:15.000|243736|11|||1|1|-10.24|-1.71|0.00|0.00|810|DUTY NIGHT|Direction|DIRECTIO||
3336|78848|2015-12-31 14:43:15.000|243736|13|||1|1|-14.84|-1.35|0.00|0.00|810|DUTY NIGHT|Direction|DIRECTIO||
3336|78848|2015-12-31 14:43:15.000|243736|15|||1|1|-0.55|-0.05|0.00|0.00|810|DUTY NIGHT|Direction|DIRECTIO||
3336|78848|2015-12-31 14:43:15.000|243736|17|||1|1|-3.25|-0.30|0.00|0.00|810|DUTY NIGHT|Direction|DIRECTIO||
3336|78848|2015-12-31 14:43:15.000|243736|19|||1|1|-102.29|-9.30|0.00|0.00|810|DUTY NIGHT|Direction|DIRECTIO||
1327|78847|2015-12-31 14:32:16.000|243732|1|Croust Thon ||1|1|14.00|1.27|52.50|0.00|712|Vincent|Resp PDJ|Vincent |Nourriture |Entrees
1327|78847|2015-12-31 14:32:16.000|243732|2|Croust Thon ||1|1|14.00|1.27|52.50|0.00|712|Vincent|Resp PDJ|Vincent |Nourriture |Entrees
1327|78847|2015-12-31 14:29:52.000|243731|1|Pepsi||1|1|6.00|0.55|52.50|0.00|712|Vincent|Resp PDJ|Vincent |Boisson NA|Softs
1327|78847|2015-12-31 14:29:52.000|243731|2|Limonade||1|1|6.00|0.55|52.50|0.00|712|Vincent|Resp PDJ|Vincent |Boisson NA|Softs
1327|78847|2015-12-31 14:29:52.000|243731|3|Formule Enfant||1|1|12.50|1.14|52.50|0.00|712|Vincent|Resp PDJ|Vincent |Nourriture |Menus Jour
1327|78847|2015-12-31 14:29:52.000|243731|4|Kids burger||1|1|0.00|0.00|52.50|0.00|712|Vincent|Resp PDJ|Vincent |Nourriture |Viandes
1327|78847|2015-12-31 14:29:52.000|243731|5|A Point||1|1|0.00|0.00|52.50|0.00|712|Vincent|Resp PDJ|Vincent |Nourriture |Messages
1327|78847|2015-12-31 14:29:52.000|243731|6|Frites||1|1|0.00|0.00|52.50|0.00|712|Vincent|Resp PDJ|Vincent |Nourriture |Messages
1325|78843|2015-12-31 14:26:46.000|243730|1|Divers buffet||1|1|9.50|0.86|113.50|0.00|712|Vincent|Resp PDJ|Vincent |Nourriture |Desserts
1325|78843|2015-12-31 14:26:46.000|243730|2|Aix-presso||1|1|3.00|0.27|113.50|0.00|712|Vincent|Resp PDJ|Vincent |Cafeterie|Cafeterie
1326|78846|2015-12-31 14:25:08.000|243728|1|Aix-presso||1|1|3.00|0.27|6.00|0.00|712|Vincent|Resp PDJ|Vincent |Cafeterie|Cafeterie
1326|78846|2015-12-31 14:25:08.000|243728|2|Aix-presso||1|1|3.00|0.27|6.00|0.00|712|Vincent|Resp PDJ|Vincent |Cafeterie|Cafeterie
6030|78845|2015-12-31 14:04:26.000|243721|1|Mocha perso||1|1|2.60|0.24|4.00|0.00|710|Laurent|MDH L|Laurent |Cafeterie|Cafeterie
6030|78845|2015-12-31 14:04:26.000|243721|2|Mocha perso||1|1|2.60|0.24|4.00|0.00|710|Laurent|MDH L|Laurent |Cafeterie|Cafeterie
6030|78845|2015-12-31 14:04:26.000|243721|3|Mocha perso||1|1|2.20|0.20|4.00|0.00|710|Laurent|MDH L|Laurent |Cafeterie|Cafeterie
6030|78845|2015-12-31 14:04:26.000|243721|4|Mocha perso||1|1|2.20|0.20|4.00|0.00|710|Laurent|MDH L|Laurent |Cafeterie|Cafeterie
6030|78845|2015-12-31 14:04:26.000|243721|5|Mocha perso||1|-1|-2.60|-0.24|4.00|0.00|710|Laurent|MDH L|Laurent |Cafeterie|Cafeterie
6030|78845|2015-12-31 14:04:26.000|243721|6|Mocha perso||1|-1|-2.60|-0.24|4.00|0.00|710|Laurent|MDH L|Laurent |Cafeterie|Cafeterie
6030|78845|2015-12-31 14:04:26.000|243721|7|Hot Choc perso||1|1|2.20|0.20|4.00|0.00|710|Laurent|MDH L|Laurent |Cafeterie|Cafeterie
6030|78845|2015-12-31 14:04:26.000|243721|8|Caram Mach perso||1|1|2.50|0.23|4.00|0.00|710|Laurent|MDH L|Laurent |Cafeterie|Cafeterie
6030|78845|2015-12-31 14:04:26.000|243721|9|Americano perso||1|1|1.70|0.15|4.00|0.00|710|Laurent|MDH L|Laurent |Cafeterie|Cafeterie
6030|78845|2015-12-31 14:04:26.000|243721|10|Cappucino perso||1|1|2.00|0.18|4.00|0.00|710|Laurent|MDH L|Laurent |Cafeterie|Cafeterie
6030|78845|2015-12-31 14:04:26.000|243721|11|Cappucino perso||1|-1|-2.00|-0.18|4.00|0.00|710|Laurent|MDH L|Laurent |Cafeterie|Cafeterie
6030|78845|2015-12-31 14:04:26.000|243721|12|Americano perso||1|-1|-1.70|-0.15|4.00|0.00|710|Laurent|MDH L|Laurent |Cafeterie|Cafeterie
6030|78845|2015-12-31 14:04:26.000|243721|13|Caram Mach perso||1|-1|-2.50|-0.23|4.00|0.00|710|Laurent|MDH L|Laurent |Cafeterie|Cafeterie
6030|78845|2015-12-31 14:04:26.000|243721|14|Hot Choc perso||1|-1|-2.20|-0.20|4.00|0.00|710|Laurent|MDH L|Laurent |Cafeterie|Cafeterie
6030|78845|2015-12-31 14:04:26.000|243721|15|Mocha perso||1|-1|-2.20|-0.20|4.00|0.00|710|Laurent|MDH L|Laurent |Cafeterie|Cafeterie
6030|78845|2015-12-31 14:04:26.000|243721|16|Mocha perso||1|-1|-2.20|-0.20|4.00|0.00|710|Laurent|MDH L|Laurent |Cafeterie|Cafeterie
6030|78845|2015-12-31 14:04:26.000|243721|17|Cappucino perso||1|1|2.00|0.18|4.00|0.00|710|Laurent|MDH L|Laurent |Cafeterie|Cafeterie
6030|78845|2015-12-31 14:04:26.000|243721|18|Cappucino perso||1|1|2.00|0.18|4.00|0.00|710|Laurent|MDH L|Laurent |Cafeterie|Cafeterie
3335|78844|2015-12-31 13:53:54.000|243720|1|Tagliatelle||1|1|17.00|1.55|34.00|0.00|710|Laurent|MDH L|Laurent |Nourriture |Autres Plats
3335|78844|2015-12-31 13:53:54.000|243720|2|Sauce tomate||1|1|0.00|0.00|34.00|0.00|710|Laurent|MDH L|Laurent |Nourriture |Messages
3335|78844|2015-12-31 13:53:54.000|243720|3|Bagel saumon||1|1|17.00|1.55|34.00|0.00|710|Laurent|MDH L|Laurent |Nourriture |Autres Plats
1325|78843|2015-12-31 13:46:42.000|243719|1|Burger Comptoir||1|1|22.00|2.00|113.50|0.00|712|Vincent|Resp PDJ|Vincent |Nourriture |Autres Plats
1325|78843|2015-12-31 13:46:42.000|243719|2|Saignant||1|1|0.00|0.00|113.50|0.00|712|Vincent|Resp PDJ|Vincent |Nourriture |Messages
1325|78843|2015-12-31 13:46:42.000|243719|3|Entrecote ||1|1|28.00|2.55|113.50|0.00|712|Vincent|Resp PDJ|Vincent |Nourriture |Viandes
1325|78843|2015-12-31 13:46:42.000|243719|4|Saignant||1|1|0.00|0.00|113.50|0.00|712|Vincent|Resp PDJ|Vincent |Nourriture |Messages
1325|78843|2015-12-31 13:46:42.000|243719|5|Filet Daurade||1|1|26.00|2.36|113.50|0.00|712|Vincent|Resp PDJ|Vincent |Nourriture |Poissons
1325|78843|2015-12-31 13:46:42.000|243719|6|Evian 75cl||1|1|7.00|0.64|113.50|0.00|712|Vincent|Resp PDJ|Vincent |Boisson NA|Eaux Minerales
1325|78843|2015-12-31 13:46:42.000|243719|7|Pepsi||1|1|6.00|0.55|113.50|0.00|712|Vincent|Resp PDJ|Vincent |Boisson NA|Softs
1325|78843|2015-12-31 13:46:42.000|243719|8|Limonade||1|1|6.00|0.55|113.50|0.00|712|Vincent|Resp PDJ|Vincent |Boisson NA|Softs
1325|78843|2015-12-31 13:46:42.000|243719|9|Limonade||1|1|6.00|0.55|113.50|0.00|712|Vincent|Resp PDJ|Vincent |Boisson NA|Softs
1324|78841|2015-12-31 13:23:00.000|243716|1|Tazo Tea||2|1|5.60|0.51|52.60|0.00|712|Vincent|Resp PDJ|Vincent |Cafeterie|Cafeterie
6029|78842|2015-12-31 13:22:49.000|243714|1|Tazo Tea||1|1|5.60|0.51|5.60|5.60|712|Vincent|Resp PDJ|Vincent |Cafeterie|Cafeterie
1324|78841|2015-12-31 13:22:33.000|243713|1|Cesar Poulet||1|1|18.00|1.64|52.60|0.00|712|Vincent|Resp PDJ|Vincent |Nourriture |Entrees
1324|78841|2015-12-31 13:22:33.000|243713|2|Burger Comptoir||1|1|22.00|2.00|52.60|0.00|712|Vincent|Resp PDJ|Vincent |Nourriture |Autres Plats
1324|78841|2015-12-31 13:22:33.000|243713|3|A Point||1|1|0.00|0.00|52.60|0.00|712|Vincent|Resp PDJ|Vincent |Nourriture |Messages
1324|78841|2015-12-31 13:22:33.000|243713|4|Evian 75cl||1|1|7.00|0.64|52.60|0.00|712|Vincent|Resp PDJ|Vincent |Boisson NA|Eaux Minerales
1323|78840|2015-12-31 12:12:39.000|243710|1|EAUX||1|1|2.00|0.18|50.00|0.00|712|Vincent|Resp PDJ|Vincent |Boisson NA|Eaux Minerales
1323|78840|2015-12-31 12:12:39.000|243710|2|EAUX||1|1|2.00|0.18|50.00|0.00|712|Vincent|Resp PDJ|Vincent |Boisson NA|Eaux Minerales
1323|78840|2015-12-31 12:12:39.000|243710|3|VIN||1|1|4.00|0.67|50.00|0.00|712|Vincent|Resp PDJ|Vincent |Alcool|Vins Verre
1323|78840|2015-12-31 12:12:39.000|243710|4|VIN||1|1|4.00|0.67|50.00|0.00|712|Vincent|Resp PDJ|Vincent |Alcool|Vins Verre
1323|78840|2015-12-31 12:12:39.000|243710|5|Menu P/D ERDF||1|1|19.00|1.73|50.00|0.00|712|Vincent|Resp PDJ|Vincent |Nourriture |Menus Jour
1323|78840|2015-12-31 12:12:39.000|243710|6|Menu P/D ERDF||2|1|19.00|1.73|50.00|0.00|712|Vincent|Resp PDJ|Vincent |Nourriture |Menus Jour
1323|78840|2015-12-31 12:12:39.000|243710|7|Plat du jour ||1|1|0.00|0.00|50.00|0.00|712|Vincent|Resp PDJ|Vincent |Nourriture |Autres Plats
1323|78840|2015-12-31 12:12:39.000|243710|8|Plat du jour ||2|1|0.00|0.00|50.00|0.00|712|Vincent|Resp PDJ|Vincent |Nourriture |Autres Plats
6028|78839|2015-12-31 11:42:24.000|243705|1|Caramel Macchiat||1|1|5.80|0.53|5.80|0.00|710|Laurent|MDH L|Laurent |Cafeterie|Cafeterie
6027|78838|2015-12-31 11:14:58.000|243703|1|Espresso||1|1|3.50|0.32|3.50|0.00|712|Vincent|Resp PDJ|Vincent |Cafeterie|Cafeterie
6026|78837|2015-12-31 11:08:37.000|243702|1|PDJ continental||1|1|12.00|1.09|36.00|0.00|712|Vincent|Resp PDJ|Vincent |Cafeterie|Cafeterie
6026|78837|2015-12-31 11:08:37.000|243702|2|PDJ continental||1|1|12.00|1.09|36.00|0.00|712|Vincent|Resp PDJ|Vincent |Cafeterie|Cafeterie
6026|78837|2015-12-31 11:08:37.000|243702|3|PDJ continental||1|1|12.00|1.09|36.00|0.00|712|Vincent|Resp PDJ|Vincent |Cafeterie|Cafeterie
1322|78836|2015-12-31 11:03:30.000|243700|1|PDJ Enfant||1|1|8.50|0.77|69.00|0.00|712|Vincent|Resp PDJ|Vincent |Nourriture |PDJ
1322|78836|2015-12-31 11:03:30.000|243700|2|PDJ Enfant||1|1|8.50|0.77|69.00|0.00|712|Vincent|Resp PDJ|Vincent |Nourriture |PDJ
1322|78836|2015-12-31 11:03:30.000|243700|3|PDJ Americain||1|2|52.00|4.73|69.00|0.00|712|Vincent|Resp PDJ|Vincent |Nourriture |PDJ
6023|78832|2015-12-31 11:00:00.000|243696|1|PDJ continental||1|1|12.00|1.09|24.00|0.00|712|Vincent|Resp PDJ|Vincent |Cafeterie|Cafeterie
6023|78832|2015-12-31 11:00:00.000|243696|2|PDJ continental||1|-1|-12.00|-1.09|24.00|0.00|712|Vincent|Resp PDJ|Vincent |Cafeterie|Cafeterie
1321|78835|2015-12-31 10:51:05.000|243693|1|PDJ Enfant||1|1|8.50|0.77|43.00|0.00|712|Vincent|Resp PDJ|Vincent |Nourriture |PDJ
1321|78835|2015-12-31 10:51:05.000|243693|2|PDJ Enfant||1|1|8.50|0.77|43.00|0.00|712|Vincent|Resp PDJ|Vincent |Nourriture |PDJ
1321|78835|2015-12-31 10:51:05.000|243693|3|PDJ Americain||1|1|26.00|2.36|43.00|0.00|712|Vincent|Resp PDJ|Vincent |Nourriture |PDJ
6025|78834|2015-12-31 10:34:20.000|243690|1|PDJ continental||1|1|12.00|1.09|12.00|0.00|712|Vincent|Resp PDJ|Vincent |Cafeterie|Cafeterie
6024|78833|2015-12-31 10:27:04.000|243689|1|Caramel Macch||1|1|5.10|0.46|10.20|0.00|712|Vincent|Resp PDJ|Vincent |Cafeterie|Cafeterie
6024|78833|2015-12-31 10:27:04.000|243689|2|Caramel Macch||1|1|5.10|0.46|10.20|0.00|712|Vincent|Resp PDJ|Vincent |Cafeterie|Cafeterie
6023|78832|2015-12-31 10:23:06.000|243687|1|PDJ continental||1|1|12.00|1.09|24.00|0.00|712|Vincent|Resp PDJ|Vincent |Cafeterie|Cafeterie
6023|78832|2015-12-31 10:23:06.000|243687|2|PDJ continental||1|1|12.00|1.09|24.00|0.00|712|Vincent|Resp PDJ|Vincent |Cafeterie|Cafeterie
6023|78832|2015-12-31 10:23:06.000|243687|3|PDJ continental||1|1|12.00|1.09|24.00|0.00|712|Vincent|Resp PDJ|Vincent |Cafeterie|Cafeterie
1320|78831|2015-12-31 10:15:01.000|243685|1|||1|1|5.00|0.00|69.00|0.00|712|Vincent|Resp PDJ|Vincent ||
1320|78831|2015-12-31 10:12:42.000|243684|1|PDJ Enfant||1|1|8.50|0.77|69.00|0.00|712|Vincent|Resp PDJ|Vincent |Nourriture |PDJ
1320|78831|2015-12-31 10:12:42.000|243684|2|PDJ Enfant||1|1|8.50|0.77|69.00|0.00|712|Vincent|Resp PDJ|Vincent |Nourriture |PDJ
1320|78831|2015-12-31 10:12:42.000|243684|3|PDJ Americain||1|2|52.00|4.73|69.00|0.00|712|Vincent|Resp PDJ|Vincent |Nourriture |PDJ
6022|78830|2015-12-31 09:58:35.000|243682|1|Latte||1|1|4.10|0.37|7.60|0.00|712|Vincent|Resp PDJ|Vincent |Cafeterie|Cafeterie
6022|78830|2015-12-31 09:58:35.000|243682|2|Americano||1|1|3.50|0.32|7.60|0.00|712|Vincent|Resp PDJ|Vincent |Cafeterie|Cafeterie
6021|78829|2015-12-31 09:58:17.000|243681|1|PDJ continental||1|1|12.00|1.09|36.00|0.00|712|Vincent|Resp PDJ|Vincent |Cafeterie|Cafeterie
6021|78829|2015-12-31 09:58:17.000|243681|2|PDJ continental||1|1|12.00|1.09|36.00|0.00|712|Vincent|Resp PDJ|Vincent |Cafeterie|Cafeterie
6021|78829|2015-12-31 09:58:17.000|243681|3|PDJ continental||1|1|12.00|1.09|36.00|0.00|712|Vincent|Resp PDJ|Vincent |Cafeterie|Cafeterie
1315|78823|2015-12-31 09:49:18.000|243678|1|||1|1|3.00|0.00|23.30|0.00|712|Vincent|Resp PDJ|Vincent ||
1315|78823|2015-12-31 09:37:17.000|243674|1|Hot choc||2|1|5.10|0.46|23.30|0.00|712|Vincent|Resp PDJ|Vincent |Cafeterie|Cafeterie
1315|78823|2015-12-31 09:37:17.000|243674|2|Latte||2|1|4.80|0.44|23.30|0.00|712|Vincent|Resp PDJ|Vincent |Cafeterie|Cafeterie
1315|78823|2015-12-31 09:37:17.000|243674|3|Hot choc||2|-1|-5.10|-0.46|23.30|0.00|712|Vincent|Resp PDJ|Vincent |Cafeterie|Cafeterie
1315|78823|2015-12-31 09:37:17.000|243674|4|Americano||2|1|3.50|0.32|23.30|0.00|712|Vincent|Resp PDJ|Vincent |Cafeterie|Cafeterie
6020|78827|2015-12-31 09:36:59.000|243672|1|Hot choc||1|1|5.10|0.46|8.30|8.30|712|Vincent|Resp PDJ|Vincent |Cafeterie|Cafeterie
6020|78827|2015-12-31 09:36:59.000|243672|2|Latte||1|1|4.80|0.44|8.30|8.30|712|Vincent|Resp PDJ|Vincent |Cafeterie|Cafeterie
6020|78827|2015-12-31 09:36:59.000|243672|3|Hot choc||1|-1|-5.10|-0.46|8.30|8.30|712|Vincent|Resp PDJ|Vincent |Cafeterie|Cafeterie
6020|78827|2015-12-31 09:36:59.000|243672|4|Americano||1|1|3.50|0.32|8.30|8.30|712|Vincent|Resp PDJ|Vincent |Cafeterie|Cafeterie
1318|78826|2015-12-31 09:13:21.000|243671|1|PDJ Enfant||1|1|8.50|0.77|34.50|0.00|712|Vincent|Resp PDJ|Vincent |Nourriture |PDJ
1318|78826|2015-12-31 09:13:21.000|243671|2|PDJ Americain||1|1|26.00|2.36|34.50|0.00|712|Vincent|Resp PDJ|Vincent |Nourriture |PDJ
1317|78825|2015-12-31 09:11:07.000|243670|1|PDJ Enfant||1|1|8.50|0.77|60.50|0.00|712|Vincent|Resp PDJ|Vincent |Nourriture |PDJ
1317|78825|2015-12-31 09:11:07.000|243670|2|PDJ Americain||1|2|52.00|4.73|60.50|0.00|712|Vincent|Resp PDJ|Vincent |Nourriture |PDJ
1315|78823|2015-12-31 09:07:41.000|243667|1|PDJ Marriott||1|1|5.00|0.45|23.30|0.00|712|Vincent|Resp PDJ|Vincent |Nourriture |PDJ
1315|78823|2015-12-31 09:07:41.000|243667|2|PDJ Marriott||1|1|5.00|0.45|23.30|0.00|712|Vincent|Resp PDJ|Vincent |Nourriture |PDJ
1315|78823|2015-12-31 09:07:41.000|243667|3|PDJ Marriott||1|1|5.00|0.45|23.30|0.00|712|Vincent|Resp PDJ|Vincent |Nourriture |PDJ
1314|78822|2015-12-31 09:05:41.000|243666|1|PDJ Continental||1|1|12.00|1.09|12.00|0.00|712|Vincent|Resp PDJ|Vincent |Nourriture |PDJ
1313|78821|2015-12-31 09:02:27.000|243665|1|PDJ Americain||1|2|52.00|4.73|52.00|0.00|712|Vincent|Resp PDJ|Vincent |Nourriture |PDJ
1312|78820|2015-12-31 09:02:11.000|243664|1|PDJ Americain||1|2|52.00|4.73|52.00|0.00|712|Vincent|Resp PDJ|Vincent |Nourriture |PDJ
1311|78819|2015-12-31 07:08:57.000|243663|1|PDJ Americain||1|2|52.00|4.73|52.00|0.00|712|Vincent|Resp PDJ|Vincent |Nourriture |PDJ
1310|78818|2015-12-31 07:08:31.000|243662|1|PDJ Americain||1|2|52.00|4.73|52.00|0.00|712|Vincent|Resp PDJ|Vincent |Nourriture |PDJ
1309|78817|2015-12-31 07:08:09.000|243661|1|PDJ Enfant||1|1|8.50|0.77|60.50|0.00|712|Vincent|Resp PDJ|Vincent |Nourriture |PDJ
1309|78817|2015-12-31 07:08:09.000|243661|2|PDJ Americain||1|2|52.00|4.73|60.50|0.00|712|Vincent|Resp PDJ|Vincent |Nourriture |PDJ
1308|78816|2015-12-31 07:07:49.000|243660|1|PDJ Americain||1|2|52.00|4.73|52.00|0.00|712|Vincent|Resp PDJ|Vincent |Nourriture |PDJ
1307|78815|2015-12-31 07:07:26.000|243659|1|PDJ Americain||1|3|78.00|7.09|78.00|0.00|712|Vincent|Resp PDJ|Vincent |Nourriture |PDJ
1306|78814|2015-12-31 07:07:07.000|243658|1|PDJ Americain||1|2|52.00|4.73|52.00|0.00|712|Vincent|Resp PDJ|Vincent |Nourriture |PDJ
1305|78813|2015-12-31 07:01:40.000|243657|1|PDJ Americain||1|2|52.00|4.73|52.00|0.00|712|Vincent|Resp PDJ|Vincent |Nourriture |PDJ
1304|78812|2015-12-31 07:01:27.000|243656|1|PDJ Americain||1|1|26.00|2.36|78.00|0.00|712|Vincent|Resp PDJ|Vincent |Nourriture |PDJ
1304|78812|2015-12-31 07:01:27.000|243656|2|PDJ Americain||1|2|52.00|4.73|78.00|0.00|712|Vincent|Resp PDJ|Vincent |Nourriture |PDJ
1303|78811|2015-12-31 07:01:02.000|243655|1|PDJ Americain||1|2|52.00|4.73|52.00|0.00|712|Vincent|Resp PDJ|Vincent |Nourriture |PDJ
1302|78810|2015-12-31 07:00:46.000|243654|1|PDJ Enfant||1|2|17.00|1.55|43.00|0.00|712|Vincent|Resp PDJ|Vincent |Nourriture |PDJ
1302|78810|2015-12-31 07:00:46.000|243654|2|PDJ Americain||1|1|26.00|2.36|43.00|0.00|712|Vincent|Resp PDJ|Vincent |Nourriture |PDJ
1301|78809|2015-12-31 07:00:02.000|243653|1|PDJ Enfant||1|1|8.50|0.77|60.50|0.00|712|Vincent|Resp PDJ|Vincent |Nourriture |PDJ
1301|78809|2015-12-31 07:00:02.000|243653|2|PDJ Americain||1|2|52.00|4.73|60.50|0.00|712|Vincent|Resp PDJ|Vincent |Nourriture |PDJ
1300|78808|2015-12-31 06:59:47.000|243652|1|PDJ Americain||1|2|52.00|4.73|52.00|0.00|712|Vincent|Resp PDJ|Vincent |Nourriture |PDJ
1299|78807|2015-12-31 06:58:58.000|243651|1|PDJ Americain||1|1|26.00|2.36|26.00|0.00|712|Vincent|Resp PDJ|Vincent |Nourriture |PDJ
3334|78806|2015-12-31 06:33:05.000|243648|1|||1|1|2.00|0.00|16.00|0.00|712|Vincent|Resp PDJ|Vincent ||
3334|78806|2015-12-31 05:52:06.000|243646|1|Omelette garnie||1|1|8.00|0.73|16.00|0.00|712|Vincent|Resp PDJ|Vincent |Nourriture |PDJ
3334|78806|2015-12-31 05:52:06.000|243646|2|Jambon Blanc||1|1|0.00|0.00|16.00|0.00|712|Vincent|Resp PDJ|Vincent |Nourriture |Messages
3334|78806|2015-12-31 05:52:06.000|243646|3|Fromage||1|1|0.00|0.00|16.00|0.00|712|Vincent|Resp PDJ|Vincent |Nourriture |Messages
3334|78806|2015-12-31 05:52:06.000|243646|4|Omelette garnie||1|1|8.00|0.73|16.00|0.00|712|Vincent|Resp PDJ|Vincent |Nourriture |PDJ
3334|78806|2015-12-31 05:52:06.000|243646|5|Jambon Blanc||1|1|0.00|0.00|16.00|0.00|712|Vincent|Resp PDJ|Vincent |Nourriture |Messages
3334|78806|2015-12-31 05:52:06.000|243646|6|Fromage||1|1|0.00|0.00|16.00|0.00|712|Vincent|Resp PDJ|Vincent |Nourriture |Messages
